,emitterName,latentVector,completionPercentage,jumpActionsPerformed,killsTotal,livesLeft,coinsCollected,remainingTime (20-timeSpent),calc_higher_level_non_empty_blocks,calc_num_enemies
0,CMA-ME,"[ 0.12225437 -0.11034068 -0.06795955 -0.18548717  0.23162782 -0.16338641
  0.07024331  0.19881586  0.20087256 -0.40168062 -0.02152046  0.07523703
  0.06443074 -0.17894544  0.12984338  0.08549715 -0.03491125  0.27107661
 -0.208982   -0.11865008  0.03121845 -0.01202134 -0.1992583   0.18990719
  0.13256891 -0.00220144 -0.12281876 -0.13195567 -0.15964899 -0.04973355
  0.11608053 -0.21126078]",0.8156388998031616,3,1,0,0,17420,46,5
1,CMA-ME,"[ 0.17700745  0.03699905  0.25932799 -0.06501588 -0.08862111  0.10478155
 -0.06270535  0.24177079  0.23718468 -0.18162724 -0.23199873  0.185908
  0.07606841 -0.1413005   0.07018848 -0.07884353 -0.43919502 -0.51773381
  0.00563075  0.31707465  0.45248506  0.00346687 -0.35048443  0.19421162
 -0.05981977  0.53466489  0.19695139  0.126702   -0.0614318  -0.02647339
 -0.07702173 -0.60246581]",0.8138288259506226,3,0,0,0,17720,52,7
2,CMA-ME,"[ 0.42416467  0.01410761  0.02075698  0.47550033  0.02735587 -0.10819012
  0.18502602  0.0037794  -0.12175106 -0.23236129 -0.19347281  0.04438794
  0.10271237 -0.43308308 -0.32496734 -0.10443214 -0.13470681  0.04082234
 -0.30307068  0.08051085 -0.36566088  0.01989557  0.06724696  0.14281029
 -0.21940018  0.19264879  0.19684911 -0.08744174 -0.11035273 -0.11022295
  0.09997103  0.15085259]",1.0,6,0,0,0,16880,10,4
3,CMA-ME,"[-0.14004981  0.2257585   0.03897049 -0.01599481 -0.1761529   0.01159885
  0.12719062  0.02961085 -0.32134943 -0.44870768 -0.19557873 -0.05860802
  0.06573212 -0.02024384 -0.34252637  0.20813396  0.05954023 -0.03556277
 -0.05744926  0.30339319  0.31693438 -0.15359931  0.14976354 -0.20563835
 -0.03260172 -0.34133248 -0.02424544  0.11750942  0.13798274 -0.09985453
 -0.18930002 -0.01339639]",1.0,3,5,0,0,16880,16,11
4,CMA-ME,"[-0.11948116  0.18237289  0.09127929  0.04027395  0.19801068  0.09131548
 -0.39317474  0.1602489  -0.1861434  -0.02858894 -0.27515648  0.08847714
  0.29709896 -0.28088989  0.14625407  0.02804754  0.2609261  -0.00269692
 -0.20663501  0.24266229  0.046863    0.05556794 -0.26698693 -0.13220296
  0.02841075 -0.00927732 -0.09539657 -0.07696813  0.01734826  0.12099262
  0.01198877  0.01262279]",1.0,6,1,0,0,17000,2,3
5,CMA-ME,"[-0.10302807 -0.13674485 -0.10764686  0.31031617 -0.17674942 -0.19771799
  0.15702489 -0.00797218  0.48480183  0.1468984  -0.14063097  0.26847879
  0.06522508  0.16743378  0.55581539 -0.10112334  0.18676583 -0.09162239
  0.12692741 -0.0029101  -0.11119593  0.06132571  0.11210888  0.18954312
  0.00757961 -0.09192047  0.328295   -0.27630833 -0.52378704 -0.66596048
  0.04119587  0.46202905]",1.0,6,1,0,0,17000,2,3
6,CMA-ME,"[ 0.22982173 -0.07397979  0.1662557   0.22793658  0.27913202  0.01439105
  0.06419951  0.3220812  -0.12026413  0.17703749  0.0912432  -0.52678107
  0.04554721  0.20146765 -0.00429812 -0.30344162  0.05454742 -0.08202317
 -0.34235128  0.10804375  0.01853343  0.03000129 -0.29466109 -0.23352733
 -0.18374261 -0.05771071  0.17961613  0.30858203  0.09426411  0.07744431
  0.21902791 -0.09678102]",1.0,7,1,0,0,16940,21,8
7,CMA-ME,"[-0.03014734 -0.03161522 -0.33166475 -0.1017454   0.00856717 -0.03885217
 -0.23145489 -0.07171899  0.08653632 -0.1952793  -0.04290029 -0.03584953
  0.12376666 -0.03874828 -0.2476709  -0.35713566 -0.01152708  0.05579549
 -0.03855439 -0.08394722  0.1097979  -0.31374421 -0.15784697 -0.30244633
  0.15589512 -0.01040637  0.0783014   0.08244951  0.03954538  0.13678781
 -0.07883069 -0.33788853]",0.8156388998031616,3,1,0,0,17420,41,4
8,CMA-ME,"[-0.17841423  0.03707039  0.15997161 -0.14885475 -0.13652548  0.16703543
  0.03674719  0.19859634  0.11206641 -0.20088713  0.05530977  0.2022365
 -0.04709045 -0.06945466 -0.10846643  0.14753263 -0.32839094  0.04990161
 -0.15356838  0.17552198 -0.31608108  0.08054477 -0.00493907 -0.08773099
  0.11798826  0.36270315 -0.15497726 -0.08513138  0.15594678 -0.20295046
 -0.25281989 -0.01713051]",1.0,5,0,0,0,16760,31,2
9,CMA-ME,"[ 0.11240886 -0.04821343  0.0788674  -0.02670091 -0.36927671 -0.06302654
 -0.17629215  0.1093355  -0.12729688  0.42842274  0.21313045 -0.1563547
 -0.11734208 -0.09964114  0.01960493 -0.27677489  0.04196251  0.01674816
  0.19862225 -0.29918419  0.09190947  0.17336384  0.05299972 -0.08204546
  0.35996029 -0.00336943  0.25270215 -0.01232222 -0.15192158  0.283462
  0.0287272  -0.13980276]",1.0,6,0,0,0,16760,33,2
10,CMA-ME,"[-0.12069324  0.06283812  0.22395872 -0.09021998 -0.30448957  0.13430662
  0.06970531  0.00736794  0.20022252  0.36926455 -0.16022205  0.09169212
  0.19535477 -0.20775985  0.11251778 -0.20607842  0.0904488   0.13009181
  0.20208063  0.16939522  0.1114812  -0.17559205 -0.09287901 -0.04100546
  0.06131566  0.31040415  0.25738321 -0.12374419 -0.01052965  0.19572063
 -0.31414492  0.27515052]",0.9899198412895203,6,0,0,0,16940,12,2
11,CMA-ME,"[ 0.14690598 -0.12294866  0.12657249  0.32411668 -0.33898125 -0.09893892
  0.0409629   0.23437581 -0.09531015  0.00683791 -0.30210661  0.05452616
  0.04943328 -0.10457521 -0.1833737   0.01335922  0.06446496 -0.1175839
 -0.10947316  0.15207022 -0.01499422  0.14362429 -0.01861899  0.26947731
  0.08184947 -0.16155956 -0.01410444 -0.30920996  0.1030576  -0.06147112
  0.42118165 -0.08516022]",1.0,5,1,0,0,17240,17,7
12,CMA-ME,"[ 0.05161787 -0.20911007 -0.21319914 -0.23265636  0.37754183  0.17135886
 -0.42045502 -0.17881012 -0.18772263  0.20365031 -0.09588507  0.05013706
  0.1181549   0.05120223 -0.37829296 -0.24381262  0.27079396 -0.03528921
  0.04347352 -0.06784295 -0.01890287 -0.15406841  0.0719568  -0.26517144
 -0.50814302 -0.40128546  0.12214339  0.10529104 -0.05361766  0.32205664
  0.34104661 -0.3094715 ]",1.0,4,1,0,0,17300,14,9
13,CMA-ME,"[-0.26880575 -0.3988647   0.00169216  0.24595888  0.00755488  0.1311377
 -0.08106027  0.08172755  0.2830393  -0.13637481 -0.18847891  0.16143215
  0.22562592  0.30170185  0.33739501  0.10530914 -0.26024344  0.21899089
  0.13765683  0.06428411  0.6726975   0.02496691  0.14946006  0.30544435
 -0.04009106  0.20652795  0.14017438  0.04563162 -0.22420277 -0.0902486
 -0.04821183 -0.12734662]",0.8156388998031616,3,1,0,0,17420,44,5
14,CMA-ME,"[-0.03012282  0.16167408 -0.25302524  0.04046915 -0.24114153 -0.00632022
 -0.15683623  0.01095287 -0.17528892 -0.1413932  -0.01920786 -0.00873062
 -0.05758346 -0.00779541  0.12541962 -0.01722305  0.25113862 -0.04119029
 -0.09672734  0.10494914 -0.19404668 -0.02296531 -0.30550313 -0.01972583
 -0.06269108  0.11511728  0.08910421  0.19775911  0.08644856  0.12776787
 -0.27807318  0.10512143]",0.9952232241630554,5,1,0,0,17120,3,3
15,CMA-ME,"[-0.0162725  -0.06553187 -0.16664216  0.0620525  -0.03136545 -0.00837412
 -0.03645481 -0.10450852  0.24332248 -0.38357277 -0.18114043 -0.1547244
  0.33029697  0.20091219  0.05993883 -0.08477677 -0.28963981 -0.11934048
  0.11901419  0.14201699 -0.01082387 -0.42910529 -0.24083265  0.06270507
  0.11122448 -0.11859719  0.03546361 -0.22174428 -0.09899819 -0.02442624
  0.19326811  0.13887309]",0.8138288259506226,3,1,0,0,17720,51,7
16,CMA-ME,"[ 0.34345529  0.20914752 -0.24790163 -0.05427532  0.44701285  0.37171927
 -0.26261778 -0.29207147  0.18133062 -0.06120691 -0.38102833 -0.03600471
  0.23937163  0.33315802 -0.12804074 -0.2745133   0.08524854 -0.13724741
 -0.37643215 -0.00527137 -0.0074268   0.28151119  0.28094235  0.19666352
 -0.15605364 -0.10428221  0.32304999  0.25986373 -0.56500132 -0.07961767
 -0.15063249  0.18401747]",1.0,5,0,0,0,17150,16,2
17,CMA-ME,"[ 0.14577371 -0.1080142  -0.13771825  0.12257369 -0.36495158  0.12226799
 -0.09621977  0.41058926 -0.02741186  0.11854962 -0.08719226  0.07661405
 -0.14179032  0.06918543  0.33306119 -0.10428362  0.2418326   0.1232053
 -0.3770509   0.21414207  0.02200488  0.13184614 -0.29585588  0.22914122
  0.36371273 -0.25138749 -0.06234685 -0.07660267  0.34460315  0.00978051
 -0.25759223 -0.15596339]",1.0,5,0,0,0,16700,8,2
18,CMA-ME,"[ 0.15070432  0.01844367  0.12937846  0.25146796  0.11092684  0.21485648
  0.13590934  0.05011839  0.16631523 -0.21189622  0.19780703  0.16436314
 -0.18783865 -0.10371243  0.06046031  0.12238749 -0.15866255  0.05270824
 -0.17222921  0.24657029 -0.08675158 -0.4162066   0.1623626   0.19294855
  0.19075327  0.06082469 -0.1825069   0.23154708 -0.06014329 -0.28122253
 -0.1750066   0.25253285]",0.8261634707450867,2,0,0,0,17720,30,1
19,CMA-ME,"[ 0.16763062 -0.19673297 -0.07777038 -0.11536342  0.10788499  0.1726301
 -0.30292429 -0.31010983  0.00323297  0.28832344 -0.22116153  0.22905296
  0.19387769 -0.05963845 -0.24015557 -0.10644504 -0.18377078  0.06776186
  0.24287808  0.10332663  0.11586782  0.34038596  0.03516154 -0.24784206
  0.26036868  0.18728993  0.02441139 -0.00563661 -0.23678685 -0.20206052
 -0.18636871  0.08934191]",0.9154044985771179,4,1,0,0,16610,13,2
20,CMA-ME,"[-0.00612972 -0.11081417 -0.07037878 -0.01193875 -0.25680905  0.19225983
  0.2268277   0.21820192 -0.03282279  0.27939653 -0.09560223  0.03628964
 -0.0630559   0.16036806  0.06978709  0.23426428  0.19299741 -0.24485675
 -0.23465354  0.17871714 -0.01013111  0.02053671  0.02244869 -0.10333427
  0.50564436  0.09969047 -0.19145134  0.17768865 -0.2841785   0.04669021
 -0.10183947  0.23857421]",1.0,7,0,0,0,17000,9,2
21,CMA-ME,"[-0.01510247  0.42537469  0.23270252 -0.05665916  0.14860914 -0.16851272
 -0.25864307  0.19936501  0.34782752 -0.06453609 -0.22205386  0.0263298
 -0.19011734  0.00804397  0.41725002  0.06474362  0.22104447  0.1460012
 -0.22197664 -0.19198986 -0.14954876  0.10038716 -0.29026891 -0.1485816
 -0.19805683  0.07174594 -0.09262756  0.1051518  -0.05265872  0.24999869
 -0.07070279  0.07487344]",1.0,6,1,0,0,17000,2,3
22,CMA-ME,"[ 3.94615936e-01 -2.59568060e-01 -1.38634903e-01 -6.16906060e-02
 -1.28196983e-01  2.46747629e-01 -3.29271407e-01  3.43889917e-01
 -8.48656196e-02  1.36835968e-01 -2.32574011e-03  3.29870065e-01
  4.40597073e-02  4.08628630e-02 -7.63637560e-03 -5.17333070e-02
  5.90056121e-02  1.28486690e-01  2.84657705e-01  2.93575455e-02
 -3.14314026e-01  1.89438295e-01 -1.30892827e-01  1.84676681e-06
 -3.13649597e-01 -2.56063951e-01  3.35284221e-02 -9.30911454e-02
 -2.69855641e-02 -3.89443111e-01 -5.29478395e-02  3.18201041e-02]",0.8261634707450867,3,0,0,0,17720,52,7
23,CMA-ME,"[-0.13559509  0.0887646   0.07272397 -0.12613285  0.18521842  0.25120694
  0.21365294  0.03888263 -0.0756927   0.1498361  -0.25334609 -0.17402021
 -0.21862643 -0.38034454  0.30360587  0.27366261 -0.02489885 -0.06842056
 -0.00510859  0.27825742  0.31094629  0.23781208 -0.03016835 -0.12563082
 -0.21510962 -0.0899628  -0.12198719  0.18292508  0.287877   -0.01411436
  0.00220252  0.1656174 ]",1.0,4,0,0,0,16880,3,2
24,CMA-ME,"[ 4.80198789e-05 -9.07416809e-02 -3.07549205e-02  1.31853726e-01
 -1.09799604e-01 -3.01298700e-01 -2.14694262e-01 -3.71945626e-01
  1.16029974e-01  8.86065716e-02  4.35514996e-02 -8.50517202e-02
 -7.48441582e-02 -3.48404300e-01  4.99820996e-02  4.23693771e-02
  2.62680661e-01 -1.36357113e-01 -1.09301573e-01  1.62141205e-01
 -7.79058379e-02 -1.14997237e-01  1.72432081e-01  8.43424815e-02
 -5.38722034e-03 -2.39763316e-01 -1.64140066e-01 -1.37001839e-01
  2.35122066e-01  2.05933554e-01 -1.96237516e-01 -1.79040160e-01]",1.0,7,0,0,0,16820,5,3
25,CMA-ME,"[ 2.23032657e-01  2.54829630e-01 -2.81810908e-01  8.09238229e-02
  1.84609161e-01  3.54287132e-01  2.22125534e-01  3.20078902e-01
  2.29537265e-01 -4.30668724e-01 -8.87886625e-02 -2.09768135e-01
  2.39980885e-02 -1.62407978e-01  2.99053459e-01  1.53922369e-01
 -2.38734925e-01  1.90327750e-01  2.33991752e-01 -7.63881917e-02
  1.11488759e-01 -3.48909538e-04 -4.21210839e-02 -2.43843560e-01
 -4.68351013e-01 -4.54413602e-01 -2.01283114e-01 -7.50063291e-02
  5.85976111e-02  7.27302509e-02 -3.41124833e-01  1.04973076e-01]",0.8156388998031616,3,1,0,0,17420,44,5
26,CMA-ME,"[-0.09079619  0.03223712 -0.08117373  0.37094026 -0.05153366  0.35971701
  0.30224487 -0.01694604 -0.24623375 -0.02384562  0.0051576  -0.08309473
  0.33676633  0.31995482  0.23497335  0.05146118  0.23132677  0.22047062
  0.14764756 -0.23056464 -0.28985676 -0.21428475 -0.10800007  0.24583955
  0.00833591 -0.15609423  0.01257589  0.08070113 -0.00653258 -0.11254838
 -0.48587974 -0.03428215]",1.0,5,0,0,0,16940,33,1
27,CMA-ME,"[-0.08241191  0.15362721  0.32859712 -0.13695952  0.24324113  0.45210132
 -0.26353873 -0.20508765  0.30514715  0.01367649  0.07315975 -0.45778253
  0.05916106  0.40714276  0.70641054  0.10063375  0.41285097 -0.00671687
  0.16105353  0.20007697 -0.5496165   0.1220104  -0.31627302 -0.04190792
  0.05311129 -0.02442882 -0.16588374  0.46828547 -0.17666667 -0.00895102
 -0.06495808  0.24950748]",1.0,6,1,0,0,17000,3,2
28,CMA-ME,"[ 0.07181519 -0.09968896 -0.1426941  -0.18570018  0.07665365 -0.45127652
 -0.00357281  0.10917383  0.20704876  0.13012634 -0.02191859  0.08523386
 -0.28104008 -0.05450579 -0.06212955 -0.20195976 -0.08085691 -0.28224896
 -0.08098284 -0.08284816  0.17858783  0.15425067  0.2100508  -0.29353119
  0.12288474  0.22182039  0.16716644  0.23264691 -0.22534482  0.08793776
 -0.08522259  0.05960119]",0.8261634707450867,2,0,0,0,17720,30,1
29,CMA-ME,"[ 0.04562727 -0.08956811 -0.1414411   0.25608887  0.15050312 -0.24725632
  0.25159199 -0.24823407  0.00681786 -0.26126428 -0.16674569  0.25978341
 -0.20517614 -0.20279095 -0.12229969  0.13921447  0.11090645  0.15905865
 -0.24355598 -0.37093763 -0.12046843 -0.06074205 -0.03516386 -0.1260964
  0.05595003 -0.18012682 -0.0756217  -0.23019773 -0.30665374  0.00962772
  0.10510217 -0.47829732]",1.0,4,1,0,0,16460,11,2
30,CMA-ME,"[ 0.01822791  0.05738166  0.2391069   0.02823582 -0.00715637 -0.0136288
  0.02270052  0.3575522  -0.10578314  0.28578515 -0.16035824 -0.26621818
 -0.032728   -0.11968379 -0.11007599  0.24347756 -0.17223113  0.38324132
  0.16673178  0.00159913 -0.03077226  0.00180359  0.20456326  0.17046755
 -0.43937637  0.14425954  0.10180663 -0.11413027  0.02398812  0.33986391
  0.23355012 -0.27515737]",1.0,5,1,0,0,17240,20,7
31,CMA-ME,"[-0.04591575  0.47871873 -0.09011762  0.02019651  0.39693609 -0.12445499
 -0.06584046  0.10581142 -0.035419    0.39265593 -0.23613985 -0.17161294
 -0.10818821 -0.12769275 -0.04669943 -0.16092178 -0.35853768  0.06972821
 -0.18939382  0.13373217 -0.09853623  0.12124929 -0.01714468  0.56438027
  0.08725575  0.0900251  -0.4492978   0.3101715  -0.48492927 -0.20982996
  0.04797205  0.04937313]",0.8156468272209167,3,1,0,0,17480,48,5
32,CMA-ME,"[-0.20380969 -0.19219944  0.01114103  0.35409886  0.03858426 -0.17231658
 -0.26460751  0.34532456  0.42312043 -0.1027743  -0.51530322 -0.14274881
 -0.02870686  0.04268375 -0.1598507  -0.30413479 -0.01928971  0.14304161
 -0.05760818 -0.14139139  0.02599401 -0.17700743  0.20188244 -0.07143389
  0.06605445 -0.34187323 -0.01307913  0.12364748  0.17214659 -0.18713247
 -0.16343398 -0.15655156]",0.8294223546981812,3,5,0,0,17330,17,10
33,CMA-ME,"[-0.08711946  0.22147935 -0.0208106   0.12273402  0.30755149  0.18046743
  0.13781529 -0.04516063 -0.12350283  0.26139789  0.39703994 -0.47357964
  0.30589848  0.04180117 -0.15436488  0.01071479  0.0160509  -0.09260504
 -0.14329789  0.45676365 -0.00181662  0.21494051  0.07892891  0.03442061
  0.13666522  0.00522153  0.07714315 -0.03551233 -0.27735868 -0.09123087
  0.49134501  0.23830657]",1.0,4,1,0,0,16940,10,5
34,CMA-ME,"[-0.2535503  -0.11028562 -0.16799268 -0.1641788  -0.05628099  0.03024527
  0.09872543 -0.19274212 -0.20464644  0.03589323  0.08956603  0.15655813
  0.12817502  0.11653217 -0.18088261  0.07430272 -0.15301648  0.09473474
  0.06150521  0.08178783  0.01135591 -0.17141294 -0.00681381 -0.0349285
 -0.10607003 -0.06776998  0.09348973 -0.26915628 -0.27404561 -0.15699999
 -0.07576012 -0.08099171]",1.0,5,0,0,0,16580,12,3
35,CMA-ME,"[-0.11143434  0.01030568 -0.08625096  0.00989741 -0.11176741 -0.08600546
  0.01865715  0.00597686 -0.37638686  0.11540584 -0.39406316 -0.02236794
 -0.02854095  0.05967472  0.45089284  0.28426917 -0.02227952 -0.17144813
  0.15508335 -0.08273341  0.06379527  0.16872787  0.21651745 -0.42894865
 -0.36648049 -0.22577917 -0.34236659 -0.15939807  0.0423346  -0.15245805
  0.11296559 -0.09796582]",0.9952232241630554,5,1,0,0,17120,3,3
36,CMA-ME,"[ 0.01659073 -0.15228918  0.30912735 -0.08600788  0.14683645 -0.01672197
 -0.23911214 -0.20001825 -0.10235434  0.44229255  0.40760701 -0.03822977
 -0.07222037 -0.28796893 -0.00729688 -0.12362994 -0.216042    0.02535448
 -0.17312382 -0.19404262 -0.2126986  -0.36318399  0.03602388 -0.18560296
  0.0802498  -0.20482361  0.19872741  0.13966338 -0.38658447 -0.21523369
 -0.19326178  0.08269668]",1.0,5,1,0,0,17180,0,3
37,CMA-ME,"[-0.19497311  0.18509558  0.05059564 -0.15692055 -0.11821926 -0.11010328
 -0.16028819  0.08202377 -0.19996984  0.06007717 -0.10473721  0.00585288
  0.22505502 -0.36634197 -0.16239355 -0.03942935  0.16196934 -0.01376375
 -0.24539735  0.01924408 -0.21100424 -0.15201246  0.3059825   0.25329411
 -0.21907711 -0.10147152  0.12319153 -0.05524788  0.09419097  0.13096406
 -0.15437789 -0.16890723]",0.8294223546981812,3,5,0,0,17330,18,10
38,CMA-ME,"[ 0.04393423  0.08382407  0.08473318  0.04298917  0.01980296 -0.12422229
 -0.05798319  0.10833851  0.1978511  -0.01184257  0.26894483 -0.18801883
 -0.20257658 -0.2499042   0.15682498  0.17669156  0.16338619  0.20503485
  0.05267338  0.34483685  0.10658946  0.18024222 -0.09611428 -0.12701103
  0.19101967 -0.05267578 -0.09442269 -0.29964955 -0.08050132 -0.00692036
 -0.00635519 -0.17154674]",1.0,5,0,0,0,17120,0,3
39,CMA-ME,"[ 0.00767362 -0.05949059 -0.20152729  0.1366785  -0.24214354  0.02201469
  0.11590674 -0.57885639  0.27705845  0.03040499  0.20908428 -0.08416959
  0.07448502  0.10356285 -0.26531385  0.08639606  0.10264941 -0.19331027
 -0.040726   -0.27649871 -0.0706295   0.04083066  0.3053662   0.16868545
 -0.27630701  0.10718891 -0.17288827 -0.22600683 -0.46018849  0.11995406
  0.14779509 -0.16038411]",0.8156388998031616,3,1,0,0,17420,37,2
40,CMA-ME,"[-0.37146909 -0.16480607 -0.31558019  0.0371123   0.23634168 -0.16186144
 -0.18725758  0.33171948 -0.04415896 -0.10831478  0.13740464 -0.01627638
 -0.07504449 -0.35251857 -0.34464392 -0.1722332  -0.15558283  0.15546267
 -0.13183689  0.01687513  0.08374298 -0.05635852  0.0803452  -0.15016054
 -0.15664472 -0.08713976 -0.16839587 -0.18438025 -0.03002138  0.00545228
  0.16215973 -0.02117062]",0.8294223546981812,3,5,0,0,17330,17,10
41,CMA-ME,"[-0.21077329 -0.21625904  0.16460289  0.18746162 -0.20316271 -0.39931654
 -0.10839897 -0.30384901 -0.17422126  0.15848199 -0.19758223 -0.17087789
 -0.02012727  0.08503416  0.05467682  0.18837113  0.09810438  0.09542978
  0.16249708  0.07178788 -0.07705033 -0.62081538  0.32813056 -0.03691624
  0.14577105 -0.17155359 -0.23497912  0.02717844  0.119272   -0.20568705
  0.11506519  0.20689552]",0.9899601936340332,6,0,0,0,17000,11,2
42,CMA-ME,"[-0.37476477  0.14316997 -0.04209603 -0.46695329 -0.14386491  0.00489615
 -0.20881086  0.00204204  0.32705493 -0.00213518  0.14578323 -0.04478954
  0.1013185   0.03726599  0.13186625  0.03545704 -0.31949943 -0.18360069
  0.02808519 -0.11559397  0.06325095 -0.10949516  0.09838259  0.19574558
  0.23585423 -0.34927908  0.04968257 -0.10594432  0.13280052  0.05624708
 -0.42470422  0.08491627]",1.0,6,0,0,0,16760,33,2
43,CMA-ME,"[ 0.09168724  0.03810881  0.07386697 -0.06132823  0.01381626 -0.23467937
  0.30922666 -0.07387152 -0.21131154 -0.06460432 -0.13490773 -0.06224471
  0.08678427 -0.3279444  -0.25320762 -0.19769311 -0.15531623  0.04679174
  0.0392113   0.07617241 -0.25449625 -0.2843407  -0.06183056  0.00481469
 -0.13651682 -0.26248733 -0.21628714  0.09811236  0.21603254 -0.18028857
  0.05014012 -0.07538031]",0.8263235688209534,3,0,0,0,17600,51,6
44,CMA-ME,"[ 0.55386403 -0.32450282 -0.19835642  0.02253125 -0.24791825 -0.15428816
  0.12774417 -0.03021411 -0.58823376  0.01246696  0.07766047 -0.03978087
 -0.28673965 -0.3859906  -0.04201717 -0.21149982 -0.26214416  0.26208544
  0.05510262 -0.114992   -0.05638089 -0.02590132 -0.20513999  0.5805901
 -0.26107996 -0.06272698 -0.14176382  0.10055585 -0.23342444 -0.15499373
 -0.1472823  -0.03597631]",0.8263235688209534,3,0,0,0,17600,49,4
45,CMA-ME,"[-0.10785459  0.15813939  0.06794429 -0.09402417 -0.15170578 -0.36987338
 -0.2904564  -0.19155073 -0.07324301 -0.5081917  -0.12631203  0.10828649
  0.03998894 -0.01769987 -0.16042034  0.29332376  0.37681997  0.08605342
 -0.19620739  0.15723793 -0.38954939 -0.15993234  0.00625323  0.26886355
 -0.1326077   0.02363748  0.26008863  0.01635069  0.07741172  0.07967864
 -0.10619055 -0.08938208]",0.8261634707450867,3,0,0,0,17720,51,6
46,CMA-ME,"[ 0.20782697  0.15270313 -0.16075752  0.18677125 -0.138946    0.62557805
  0.01365207 -0.05729419  0.03758707 -0.00791412 -0.23635775  0.1853804
  0.06805548 -0.03460794 -0.12817573  0.19715233  0.25126666  0.3130981
 -0.06730062 -0.16870375 -0.01539378  0.23838119  0.07530191  0.01599469
 -0.06829078  0.21451049 -0.01385648  0.20756284 -0.38113963 -0.08382101
  0.13894631 -0.16145894]",0.8263235688209534,3,0,0,0,17600,52,6
47,CMA-ME,"[-0.060046   -0.10906239  0.30910623  0.04095243  0.11989046  0.18326758
 -0.14183779  0.23633711  0.07476666  0.1566703  -0.19789005 -0.06969972
  0.1784399  -0.04744605  0.0152396  -0.02839166 -0.20147134  0.01654765
  0.05270103  0.06262129 -0.09164754  0.19007042  0.09570283  0.15766867
  0.06506     0.05007115  0.06502706  0.3117934  -0.26217566  0.12330238
  0.04663085 -0.19626736]",1.0,6,1,0,0,17120,19,8
48,CMA-ME,"[-0.16775842  0.29302082  0.13699816  0.11838167 -0.0553336   0.17882736
 -0.3782701   0.20194339 -0.12872648 -0.05318676 -0.08717419  0.13107805
  0.11593131  0.04001435 -0.11328478  0.16463605 -0.23881445  0.02251824
 -0.06488453 -0.18612029 -0.07891754 -0.05943701  0.14917696  0.27754458
  0.08481754 -0.00363091  0.03308249 -0.24287724  0.05588601 -0.22900874
  0.26353924 -0.15874725]",1.0,4,1,0,0,17300,14,9
49,CMA-ME,"[-0.24184213  0.10561655  0.23727432 -0.0876635  -0.26806802 -0.14023942
 -0.0152979  -0.19456448  0.06293341 -0.12139337 -0.04515853 -0.07617706
 -0.0477493   0.10291092 -0.20873791  0.33254219 -0.24334286  0.24196348
 -0.075449   -0.18255249 -0.33824308 -0.13929248  0.23142131  0.06097272
  0.00921155 -0.03435132 -0.08620492  0.20847645  0.09204692  0.16969015
 -0.14191121 -0.07881299]",0.8156388998031616,3,1,0,0,17420,41,4
50,CMA-ME,"[-0.03273039  0.29774019 -0.10442362  0.26994974 -0.35875791 -0.18236595
 -0.05402875  0.03499797 -0.45225682  0.15582585 -0.16110336 -0.06409632
 -0.23644264 -0.24567902  0.18126957  0.14190942 -0.09680157  0.2954221
 -0.09578138 -0.18364566 -0.3003985  -0.22858708  0.17205548  0.00952333
  0.25663717 -0.13439815 -0.31374288  0.10393153  0.08225173  0.10609979
  0.01066612  0.0222281 ]",1.0,6,1,0,0,17000,3,3
51,CMA-ME,"[-0.02542801 -0.03935594 -0.01312522 -0.14009932 -0.2520509  -0.29139143
 -0.19292198 -0.33179461  0.39591225 -0.17271492 -0.28780179  0.00794849
 -0.02395815  0.16648598 -0.119559    0.14109604  0.00964458 -0.47489929
  0.13001908 -0.46454716 -0.18169098 -0.17039776 -0.12315411 -0.01007493
  0.00986919  0.04715257  0.18379818  0.15198056  0.29055348 -0.03000719
  0.2398541  -0.18880229]",1.0,6,0,0,0,16760,33,2
52,CMA-ME,"[ 0.18997421  0.25962134 -0.34545901  0.19206267  0.25712829 -0.14041298
  0.35852455  0.0483163   0.18372928  0.21985093  0.09568911 -0.27264201
  0.12824108 -0.17594177  0.01382845 -0.20171806  0.04286883  0.18029935
  0.11766057 -0.03140374  0.08181641 -0.11847523  0.21723486  0.08067474
 -0.0153246   0.16315319 -0.08451666  0.12179995  0.22599356 -0.0456774
  0.03309926 -0.13210505]",0.8000783920288086,3,2,0,0,17750,47,8
53,CMA-ME,"[-0.05707052 -0.23913018  0.03196625 -0.21497379  0.05260674  0.32958045
  0.05443023  0.27311422 -0.06608899  0.24825176 -0.21355633  0.03330679
 -0.2708084   0.29964842  0.24605059  0.21580667 -0.37836586  0.0172269
  0.20448599  0.09681605  0.1106489   0.06108992 -0.00566292  0.20116301
 -0.07865241 -0.2586416   0.04046216 -0.18921923 -0.03068084  0.35774764
  0.10780497  0.03346897]",0.8263235688209534,3,0,0,0,17600,49,4
54,CMA-ME,"[-0.03207395 -0.13560769 -0.11169528 -0.02434349  0.19310375  0.200367
  0.22066564  0.25570585 -0.29077106 -0.31938066 -0.31971153  0.62582189
 -0.15461115  0.00101204  0.05716944  0.35046338 -0.41128502  0.00909145
  0.07313701  0.06537076 -0.13455663 -0.0434253  -0.22012302 -0.17691095
 -0.05196182 -0.09403689  0.22181162  0.3236679   0.02749911  0.20448384
  0.32227123 -0.00444954]",1.0,4,5,0,0,16100,16,9
55,CMA-ME,"[ 0.07874851  0.22191168 -0.27695095  0.33277475  0.25902699 -0.08049482
  0.00878946 -0.29839757 -0.16843382  0.09056696  0.17685372  0.02969228
  0.07277015  0.12124909 -0.30189909  0.19112571  0.19854169 -0.35213333
 -0.36316816  0.04262738 -0.30204221 -0.15815049 -0.1239628  -0.02285464
  0.251689   -0.11459376 -0.22825105 -0.04198828 -0.1807369  -0.38987352
  0.00576561  0.16180861]",1.0,6,1,0,0,17000,2,2
56,CMA-ME,"[-0.22052064 -0.01896322  0.24960568  0.37890305 -0.22225709 -0.1032576
  0.04113667  0.08543618  0.10245939  0.20483002 -0.07776919  0.05871084
 -0.18270903 -0.21894482 -0.09057491  0.1513555   0.05932759  0.0402363
  0.01394474  0.175053    0.11480518 -0.1361372   0.48713767 -0.20108562
  0.08232741  0.13086966  0.3717319  -0.01331694 -0.00927845  0.46852006
  0.15302957  0.19895926]",1.0,5,0,0,0,16940,32,1
57,CMA-ME,"[-0.19540501  0.10445825 -0.17592988  0.33700219  0.03149221  0.16208543
  0.15302865 -0.16166103  0.16221902  0.18843089 -0.30541187  0.26309366
  0.2467299  -0.18482152 -0.06973768 -0.03567984  0.01758217 -0.00869765
  0.05918041 -0.23006315  0.02583047  0.40829563 -0.11003193  0.12774712
  0.08396851  0.064203    0.18810189 -0.06302533 -0.16045908  0.30684002
  0.12971024 -0.18222173]",0.8261634707450867,2,0,0,0,17720,31,1
58,CMA-ME,"[ 0.08917699 -0.158551    0.04376763  0.01332965  0.14002758 -0.07605069
 -0.13135866 -0.24880764  0.04811617 -0.01444953  0.03348094  0.22826156
 -0.22255703  0.03284539 -0.06321071 -0.13314717  0.04520831 -0.26090436
  0.00839398  0.01327075  0.10511472 -0.3986502   0.28167094 -0.25563424
  0.02769557  0.09988753  0.20266498 -0.15056886  0.32326094  0.02635456
  0.02564206  0.56094274]",1.0,5,1,0,0,17060,3,3
59,CMA-ME,"[-1.71764978e-01 -1.51701117e-01 -8.11548439e-02 -8.26754433e-02
 -4.10216987e-03 -1.09199624e-01 -2.45139966e-02 -3.79826903e-01
  1.33748520e-02 -9.14929916e-02  1.02298165e-01  1.78049703e-01
  3.14054200e-01  3.75576440e-02  2.03155009e-01  1.51432302e-01
  3.32800754e-02 -1.47438881e-01 -2.56172172e-01 -9.35549228e-02
 -3.23490743e-02  2.17331440e-01 -1.64902479e-02 -3.90435752e-03
 -1.60634350e-01  6.76843544e-03 -2.49735803e-01  2.95380572e-01
 -1.18546430e-01  6.79819688e-02 -2.47810183e-01  2.96884215e-04]",1.0,6,1,0,0,17000,3,2
60,CMA-ME,"[ 5.98892214e-02 -1.63710092e-01 -1.31302127e-01  1.51559854e-01
  8.78778566e-02 -1.15556543e-01  1.10815725e-01  1.32841318e-01
  4.95968936e-01  7.88882321e-04 -2.12926300e-01  1.26936673e-02
 -1.37009546e-01  1.42784792e-01 -1.39922016e-01 -6.56919431e-02
  5.80748240e-02  7.71819891e-02  2.60952523e-01  7.28929140e-02
 -5.41491713e-02 -2.06968526e-02  2.53107874e-01  5.01476871e-02
 -1.22719124e-01 -7.94375988e-02 -7.22453283e-02 -6.63303570e-02
  2.31656075e-04 -1.95716001e-01  1.60272257e-01  1.46221593e-01]",0.7598801255226135,4,1,0,0,17660,16,9
61,CMA-ME,"[-0.18188895 -0.07307362 -0.27051977 -0.24554356  0.01558725  0.02163828
 -0.12523804  0.13870725  0.13904232 -0.16472213  0.09120924 -0.04691852
 -0.10710168 -0.0103629  -0.11663123 -0.11298646  0.08230224 -0.03390045
 -0.09737451  0.40629995 -0.38988635  0.02416354 -0.25374244 -0.0263764
 -0.09325484  0.17787896 -0.00661742  0.17139422 -0.16997165  0.23023631
  0.20076359 -0.03434698]",0.8263235688209534,3,0,0,0,17600,49,4
62,CMA-ME,"[ 0.44695493  0.14207242  0.16096442 -0.15077557  0.16837037 -0.01448588
  0.18068823 -0.05052123 -0.30750653  0.11202591 -0.21321331  0.04510154
  0.03718692  0.045197    0.05620043 -0.290234   -0.01851522 -0.05912378
  0.33218717 -0.02817806  0.03263951 -0.10061236 -0.06441519 -0.03815769
 -0.08034197 -0.07913043 -0.23450015 -0.00903043 -0.28105048  0.07559392
 -0.49181079  0.21941251]",1.0,6,0,0,0,16340,10,1
63,CMA-ME,"[ 0.05197126 -0.03269478  0.03060498 -0.07254638 -0.07854965  0.25366391
 -0.0693808  -0.14731655 -0.24468541 -0.19005984  0.15828851 -0.10126072
  0.15530379 -0.05206485 -0.01177441 -0.29341007  0.05820606 -0.09042595
  0.08543225 -0.1492454   0.11404102  0.06959375 -0.06431825  0.10120688
 -0.06754961 -0.3831147  -0.16244139 -0.10800038 -0.59522257  0.0360606
 -0.18841869  0.32557776]",0.8261634707450867,2,0,0,0,17720,30,1
64,CMA-ME,"[ 0.04581042  0.09822074 -0.28270611 -0.03769438 -0.20677953 -0.42468489
  0.06659095  0.06732433  0.15807271 -0.18288739 -0.17181848  0.1306924
  0.14989057  0.309051   -0.1158103  -0.1350571  -0.11796954 -0.29662133
 -0.19608201 -0.11728473  0.09060508 -0.02872981 -0.45733133  0.22518044
 -0.01188531 -0.19566615  0.01092589  0.17742832 -0.1489955  -0.10323281
  0.11983434  0.06748921]",0.8263235688209534,3,0,0,0,17600,49,4
65,CMA-ME,"[ 0.15262689  0.05005463  0.04742483  0.089669    0.14046891  0.00799048
  0.07152077  0.02300264 -0.01225908  0.14303292 -0.13691726 -0.11430046
  0.05938129  0.11536722 -0.34859367 -0.59208474 -0.04103438 -0.25114253
 -0.28304801  0.26773623 -0.29233126 -0.36428202  0.19630667  0.21576869
 -0.01481524 -0.0600005  -0.2198976   0.03535341  0.22360029 -0.16992364
  0.00360592 -0.08562986]",1.0,6,0,0,0,16880,10,4
66,CMA-ME,"[ 0.18350235 -0.09599221 -0.0753895   0.10495293 -0.09202378 -0.08386743
  0.40344594  0.0429244  -0.32883099  0.209806   -0.08542353  0.25738762
  0.05626355  0.0203022  -0.17200731 -0.04599377 -0.13865668  0.28821669
 -0.21357621 -0.21705573 -0.15717957  0.35534508  0.15497825 -0.11041339
 -0.54970239  0.21437465 -0.0178263   0.17115917 -0.17363192 -0.05163858
 -0.00788141 -0.18037876]",1.0,5,5,0,0,16100,16,9
67,CMA-ME,"[ 0.03232355  0.38286693 -0.18456988 -0.1597596  -0.12032775 -0.13862467
 -0.14302912 -0.09805296  0.46477226 -0.21110921 -0.17064908  0.02874964
  0.31991456  0.1620994  -0.33998351  0.15511203 -0.05207779 -0.21310572
 -0.60298079  0.09748128  0.03715886 -0.0460913  -0.24403338  0.25735469
 -0.4286577   0.24610373 -0.03027609  0.04972108  0.09976264  0.1439913
  0.21805792 -0.08747778]",1.0,3,5,0,0,16880,16,11
68,CMA-ME,"[-0.05751401  0.11460928 -0.13864433 -0.05209898 -0.03385472 -0.31563292
  0.02859818  0.01070617  0.20844329  0.09571567 -0.02276242  0.03188227
 -0.1329129   0.07445643  0.12839079 -0.32215182 -0.05428651 -0.18590723
  0.05784099  0.05873728 -0.15390388 -0.30745882  0.0742296  -0.03214438
  0.05461302  0.10030773  0.23566353  0.13816313  0.00555064 -0.27924654
  0.17454437 -0.20864948]",0.8156388998031616,3,1,0,0,17420,44,5
69,CMA-ME,"[ 0.0103673   0.06074428 -0.05630177 -0.31525169 -0.37496631 -0.13129204
 -0.18323158 -0.16395945  0.04094067 -0.24321834 -0.0378459  -0.15525142
 -0.08024155 -0.0069221   0.33337635 -0.19633512  0.21823603 -0.01529323
 -0.00633788  0.04088753 -0.26553251  0.14140464 -0.09643857 -0.02202144
 -0.20935927 -0.15674012 -0.19966321  0.02139614  0.22633661  0.39372937
 -0.07667281  0.19445598]",1.0,5,0,0,0,16760,31,2
70,CMA-ME,"[ 0.04939253  0.01057697  0.02553902  0.01859668  0.17026284 -0.40289882
  0.02041333 -0.42194726 -0.17556043  0.33037265 -0.13616774  0.32433617
 -0.04947441 -0.05346099  0.44317198 -0.1560547   0.02897309  0.32410132
 -0.0919775  -0.42402019  0.1773146   0.14807145  0.12888541 -0.34362013
  0.29401557  0.01734445  0.08714156 -0.22694991  0.03946586 -0.0892491
  0.20876907  0.11609822]",0.9899601936340332,6,0,0,0,17000,10,2
71,CMA-ME,"[-0.07736644  0.30170351 -0.07525344 -0.0746241  -0.11471008 -0.026165
 -0.09597314  0.28273423  0.18668552  0.05980644  0.16391822 -0.26073999
 -0.53682083 -0.19613292  0.12453746 -0.15600261  0.2447531  -0.28342569
  0.06292415  0.18139382 -0.04288677 -0.06109687  0.00467537  0.00339279
  0.305135   -0.01843694 -0.05784521 -0.16228277  0.0917768  -0.19127578
  0.0684295   0.1050099 ]",1.0,6,1,0,0,17000,3,2
72,CMA-ME,"[-3.88593009e-01 -2.20077145e-01 -1.37038303e-01 -1.37485691e-01
 -1.14957874e-01  2.56384383e-02 -4.18454896e-01  7.61184517e-02
  1.31467028e-01 -2.30074466e-01  3.92964599e-02 -2.32948179e-01
  3.12044772e-04 -1.98447021e-01  8.07968230e-02  3.13050570e-01
  1.55683158e-01 -2.47109420e-01 -2.20338422e-01 -3.32398150e-01
  2.29572779e-01 -1.27492051e-01  2.00968126e-01 -2.19073722e-01
 -1.07278280e-01 -4.08249375e-02  2.79010820e-01  1.15816542e-02
  5.11653011e-03  4.03369410e-01 -2.17800960e-01 -9.45068332e-02]",0.9952232241630554,5,1,0,0,17120,3,3
73,CMA-ME,"[ 0.0941036   0.05172968 -0.02092086 -0.22018767  0.00975885 -0.09244103
  0.14865933  0.30523345  0.05826427 -0.1080054   0.26742912 -0.32177441
 -0.04300772  0.16155202 -0.1520834  -0.07105015  0.14035635  0.16581862
  0.20935908  0.02744911  0.02990941 -0.1488431   0.04406563 -0.02804624
  0.40756513 -0.02431374  0.09211837 -0.08303014  0.10501996  0.04286883
  0.4117079  -0.20698941]",1.0,4,2,0,0,17300,14,9
74,CMA-ME,"[-0.2885928   0.20409875  0.04357593 -0.27216668  0.08510013 -0.16390096
  0.02739792  0.10612986  0.21784452 -0.17292217  0.07488863  0.28813828
  0.53658047  0.0858088   0.15922714 -0.14959597 -0.09849901 -0.20669378
  0.32003045 -0.02618772  0.03016365 -0.12815189  0.57296875  0.11022054
  0.11695127 -0.19606674 -0.16803958  0.13051758  0.14291856 -0.14298383
  0.10129281 -0.10551583]",1.0,4,1,0,0,17180,10,5
75,CMA-ME,"[ 0.01091503 -0.00505822  0.09372222  0.25848861 -0.35236139  0.21763063
 -0.03815674  0.10245982  0.03997396  0.0024629  -0.14267368  0.01173306
  0.11433212 -0.15927558 -0.09823229 -0.14575258 -0.29096396  0.06609186
 -0.28097029 -0.06404596 -0.25135985  0.00276431  0.03881916  0.09519005
 -0.10071774 -0.03978386  0.24187742 -0.30345336  0.16861038  0.02604711
  0.03810387 -0.06165839]",1.0,5,1,0,0,17300,17,8
76,CMA-ME,"[-0.15965975 -0.10411194 -0.18469836 -0.1156281  -0.15994716  0.20042268
  0.19422898  0.16831683 -0.15424005 -0.1365646   0.133179    0.01529722
 -0.21820564 -0.0177305   0.15117977  0.02845653  0.29914438  0.29463064
 -0.40697615 -0.16326544  0.05081851  0.02844476 -0.07012324  0.32809603
  0.20701005  0.15972249  0.27734862 -0.17672774  0.04139431 -0.01476769
 -0.01830109  0.08295648]",1.0,5,0,0,0,16760,33,2
77,CMA-ME,"[-0.32870387 -0.05532151  0.12007229  0.46302387 -0.03476659  0.29678384
  0.19815914 -0.23559667 -0.44585994  0.25158677  0.19383985 -0.07353141
  0.11816477  0.46551414  0.02138935  0.1151376   0.1213159   0.13916593
  0.17924744 -0.46370227  0.42605636  0.13382646 -0.2628871   0.2988124
  0.27946604  0.05909256  0.39617766 -0.00681465  0.10036997  0.11862305
  0.1656908  -0.25826603]",1.0,5,0,0,0,16760,32,2
78,CMA-ME,"[-3.28627283e-01  2.75070428e-01  3.64145541e-02 -8.80961630e-02
 -3.73598375e-01  1.13035452e-04 -2.11342598e-01  4.98528356e-02
 -1.92197667e-01 -1.71773451e-01  1.56732278e-01  2.53161359e-01
  1.18582400e-03 -1.90599423e-02 -2.30396145e-01  2.78622036e-01
 -2.66539449e-02  6.04501071e-02 -1.25248354e-02  1.59065908e-01
 -4.01950281e-01 -4.52791262e-02  3.65446443e-02  4.01178087e-01
 -2.74860756e-01  8.68567747e-02 -1.91245044e-01 -2.52596072e-01
 -9.97211797e-03 -7.77086519e-02  1.95462630e-02  2.61610232e-01]",0.8043360710144043,3,1,0,0,17360,35,2
79,CMA-ME,"[-0.29783953  0.25416262  0.11433094 -0.16147718  0.2305897  -0.44034104
 -0.17345126 -0.14152466  0.13853753  0.18746308  0.14423344  0.34661262
 -0.07625429  0.03800829  0.01022447  0.14617862  0.30099296  0.05810597
 -0.06674169  0.27173163 -0.29661958 -0.0615507  -0.25127258  0.0233299
  0.28236807  0.31531371 -0.57447122  0.24010153 -0.34026828 -0.05665122
  0.0853076  -0.19919739]",1.0,5,1,0,0,16940,17,4
80,CMA-ME,"[-0.08732287 -0.35311622 -0.2261498  -0.25790958 -0.05086717 -0.28820277
 -0.37234779  0.14111108  0.27999962 -0.28637325 -0.23835347 -0.59701844
 -0.2435016  -0.05537398 -0.30147437 -0.19791075 -0.205079    0.01267569
  0.06531546 -0.00865694 -0.01250767  0.20275681 -0.29792307  0.011636
  0.43155709  0.24438079  0.00772531 -0.34790897 -0.04806205  0.37429245
  0.01121314  0.12414548]",0.8261634707450867,2,0,0,0,17720,31,1
81,CMA-ME,"[-0.09195398 -0.45741356 -0.22569672 -0.32346044 -0.09562758  0.37664217
  0.15397451 -0.15477223  0.29464141 -0.11444646  0.42514094  0.14456378
  0.22699306  0.21556043  0.06058672 -0.14378871  0.03688962  0.22806799
 -0.15124921 -0.13898774 -0.0758585   0.02197565 -0.17583446 -0.12603842
 -0.01829336 -0.17901564 -0.35795428 -0.04742991 -0.1938504   0.36826216
  0.15111511 -0.00311094]",0.9997510313987732,5,0,0,0,16700,33,2
82,CMA-ME,"[-0.41039947  0.13067123 -0.2868911  -0.01788434 -0.31134223  0.091575
  0.04975776 -0.02991656  0.09397251  0.5493471   0.16717096 -0.36254394
  0.02299305 -0.06140733 -0.17954586  0.02639751 -0.26950618  0.08886904
 -0.00596786 -0.27769107 -0.32092053  0.02023267 -0.35785477  0.10060687
  0.23820162  0.04690075 -0.2499493   0.2158014  -0.2491443   0.25029936
  0.10187655 -0.28224319]",1.0,6,0,0,0,16700,0,3
83,CMA-ME,"[-0.20115171 -0.15623467  0.12406139 -0.30304936 -0.02506359 -0.27976689
  0.17988277  0.02993963  0.26031802 -0.13046916 -0.4886258   0.008151
  0.29632882  0.23956587  0.01623268 -0.33714885  0.30207151  0.08936475
  0.08886272 -0.0632147   0.2461039  -0.20437762 -0.34054233  0.04650976
  0.22488974 -0.06956644  0.14006227  0.22966436 -0.15850124  0.25326677
  0.07004489  0.08876668]",1.0,4,0,0,0,16880,7,2
84,CMA-ME,"[-0.02318283 -0.03020477 -0.34616338 -0.04258531 -0.26924355  0.16595519
  0.28194062 -0.20368242  0.12935696  0.02645959 -0.17507143 -0.17423983
  0.114717   -0.09691173 -0.03500164 -0.04189258 -0.21661286 -0.15529379
  0.23856168 -0.13222766  0.30192836 -0.00759168 -0.22719283  0.33101115
  0.06676822  0.01580592  0.03278628 -0.24688733 -0.28877272 -0.09686783
  0.21937776 -0.19434457]",1.0,5,0,0,0,16760,32,2
85,CMA-ME,"[ 0.20471884 -0.36425812 -0.04197178 -0.08058564  0.00593255 -0.13974603
  0.2342637   0.04448613 -0.06893874 -0.21430358 -0.11834609 -0.07361757
 -0.10861334  0.18005251 -0.57206904  0.2011096  -0.30605765 -0.04139626
  0.338848   -0.29082971  0.41121965  0.37295961  0.01909998  0.07889924
 -0.03150727 -0.11911953  0.27009205  0.3007178   0.09365143  0.35302391
 -0.21319044  0.41975648]",1.0,5,1,0,0,17240,20,7
86,CMA-ME,"[ 0.14148045  0.04052254 -0.19554226  0.38300927 -0.07805368 -0.23579712
 -0.27821715  0.00239463 -0.08329276 -0.04913704 -0.23801865  0.15793361
  0.14797418  0.08309706 -0.23813155 -0.45106708  0.01092669 -0.66617506
  0.00989305 -0.23455799  0.05472609  0.01520612 -0.00968347 -0.11144679
  0.05735582  0.08926478  0.07105971 -0.12059543 -0.03168008 -0.33466777
  0.3128894  -0.21359453]",1.0,5,1,0,0,17240,20,7
87,CMA-ME,"[ 0.22142753  0.29787731  0.05766552 -0.21307177  0.08171974  0.38185861
  0.09878172 -0.31586726  0.05473106  0.01252239 -0.24889125 -0.25166707
  0.01374526 -0.13446061 -0.01161142 -0.11405191 -0.19958369 -0.16378799
  0.0696007   0.22889775 -0.2033493   0.18690752 -0.23700755  0.05024932
 -0.25714839  0.09007197 -0.06875487  0.07992146  0.13262943 -0.04475012
  0.16722033 -0.22750277]",1.0,4,5,0,0,16940,15,11
88,CMA-ME,"[ 0.00481356 -0.4750447   0.04283313  0.04072479 -0.251085   -0.07055654
  0.18893039  0.22037745 -0.20818711  0.11198689  0.23060243 -0.18318482
 -0.06221682 -0.06685895  0.11574581 -0.13419264  0.00995642 -0.13819647
  0.32071553  0.09039841 -0.30904272  0.10046404  0.00643514  0.28080979
 -0.12463216  0.18734938  0.15302909 -0.03207463 -0.0608097   0.21023611
 -0.11461498  0.24444412]",0.8156468272209167,3,1,0,0,17480,47,5
89,CMA-ME,"[ 0.10383501  0.06494119 -0.06704011 -0.1639783  -0.10770553 -0.0483812
 -0.36147311  0.31490009 -0.16265023 -0.09247493 -0.04756219  0.22785006
  0.42702496  0.14438907  0.16880454  0.01663861 -0.3356124   0.06635985
 -0.07176713 -0.24116493  0.07297091 -0.05015985 -0.06374928 -0.05261519
  0.22616007 -0.0756477  -0.02948632  0.16215482 -0.21044392 -0.10236817
 -0.06575184  0.09628691]",1.0,5,5,0,0,16550,25,9
90,CMA-ME,"[-0.30267441  0.0470262   0.07338012  0.24333761  0.06803235  0.38406334
  0.03042849 -0.0144251   0.17388489  0.14382036  0.07570325  0.1192732
 -0.06942615 -0.41541651  0.09593728  0.05942205  0.04833011 -0.09510966
  0.16575465 -0.16626434  0.22025363 -0.29078599 -0.25027175 -0.35168643
  0.35037628 -0.14153992  0.29099888  0.13486893 -0.32056199  0.10641314
 -0.19520558 -0.18908567]",1.0,5,0,0,0,17180,16,4
91,CMA-ME,"[-0.10477645 -0.10822716  0.10028926 -0.06013433  0.28859839 -0.48168164
 -0.16678315  0.02793375 -0.17700413  0.12573731  0.1038242   0.05293235
 -0.13429151  0.07428241  0.03174814  0.00894761  0.3316357   0.06714625
  0.22133387 -0.16025883 -0.10906312 -0.12063471  0.47315517  0.0829202
  0.40302095  0.08381713 -0.04701501  0.33073531 -0.00315356  0.09104207
  0.15886173 -0.34325629]",0.8261634707450867,3,0,0,0,17720,52,7
92,CMA-ME,"[-0.07070928 -0.12826923  0.3717418  -0.15199247  0.2659998  -0.04722266
  0.08080869 -0.05031087 -0.46889192  0.02963356 -0.20096785  0.25317716
  0.20168714  0.2273562   0.09871702  0.26444566  0.11407724  0.1729788
  0.20038014 -0.01352868  0.02125455 -0.08108329 -0.21640142  0.0651653
 -0.12925504 -0.03757717 -0.04315406 -0.19561283  0.24266166  0.05151389
 -0.01998369  0.40390389]",1.0,6,1,0,0,17000,3,2
93,CMA-ME,"[-0.0054966   0.01105073 -0.25322974 -0.17885219  0.12965816  0.07807365
  0.0922115   0.17733494  0.17732238  0.07193069 -0.12178436 -0.10308248
  0.12355675  0.27649574 -0.27495388  0.03683272 -0.29676449 -0.07984744
 -0.37965138  0.18196456  0.29524837  0.30513931  0.07563315  0.11749274
  0.08493564  0.2487547  -0.13009277  0.29325851 -0.25408112 -0.04046925
  0.05931336 -0.24629805]",1.0,4,1,0,0,17270,10,7
94,CMA-ME,"[-0.30140427  0.03689552 -0.23148282  0.16824168  0.20441568  0.05070994
 -0.01763501  0.30540601  0.11307994  0.0088109   0.17777746 -0.05981602
  0.0774593  -0.01566144  0.32366761 -0.04571138  0.17446132 -0.26673353
 -0.03285448 -0.03055102  0.06981429  0.21414528  0.22971894 -0.30940191
  0.11143263 -0.14362845 -0.01421772  0.0452938  -0.20103508  0.15074311
 -0.10496625 -0.1003715 ]",0.8261634707450867,2,0,0,0,17720,30,1
95,CMA-ME,"[ 0.1701904  -0.6038738  -0.24593932  0.15738343 -0.21315294 -0.01736724
  0.10387499 -0.11773343 -0.1764877  -0.12819865  0.23414078  0.26250262
  0.18289623  0.08284784  0.18600595 -0.1028968  -0.11784819  0.26271406
 -0.08854059  0.08141001 -0.10105525  0.07185898 -0.03642355 -0.03231627
 -0.03225706  0.04780508 -0.11738125  0.16838131 -0.43120911 -0.04977664
 -0.29929988 -0.04597204]",1.0,6,0,0,0,16760,32,2
96,CMA-ME,"[-0.23670942 -0.17243378  0.2475182   0.15276298 -0.21629334  0.19065925
 -0.17816864 -0.07549929 -0.21291231 -0.33038393  0.21004897 -0.13354505
  0.05181561  0.21936289 -0.13875606 -0.29127921 -0.17534077 -0.157012
  0.57363499 -0.20730554 -0.12953845 -0.05557882  0.12483529  0.02885383
 -0.3581778  -0.02075777 -0.11032868  0.22723419 -0.061446    0.03995334
 -0.22904748 -0.1073298 ]",1.0,7,0,0,0,16940,21,6
97,CMA-ME,"[ 0.00264797  0.41022298  0.16562927 -0.15886076  0.08870614  0.10549705
  0.13648796 -0.27655231 -0.09755894  0.0856817   0.04410378  0.26489858
  0.1655454  -0.22894065 -0.21645994 -0.09450449  0.13680051  0.09343973
  0.24920897 -0.30831489  0.26231264  0.09667152 -0.03239229 -0.0401004
  0.06348427 -0.13859845  0.22502735 -0.36925834 -0.22406726 -0.48109108
 -0.05065165 -0.08267804]",0.8758167028427124,3,0,0,0,17570,22,1
98,CMA-ME,"[-0.13770964  0.10442472 -0.40101892  0.07216175 -0.09342998 -0.17385711
  0.38000638  0.28118579 -0.07207085 -0.31244421 -0.11061991 -0.26788824
 -0.28243549 -0.1671333   0.07505052  0.16711823 -0.33201589  0.05747105
  0.36504913 -0.13721876 -0.26546541 -0.48023998 -0.28954729  0.21726396
 -0.43986767 -0.1975505  -0.05255547  0.44709736  0.13986026  0.11339844
  0.18709133  0.25774199]",0.8156388998031616,3,1,0,0,17420,45,5
99,CMA-ME,"[-1.42598158e-01  4.73041412e-02 -2.27242725e-02  1.36795378e-01
 -1.42531054e-01  2.25604265e-01  1.36949618e-01  1.50882496e-02
  3.25391737e-01 -5.55091030e-02  2.46438252e-01 -1.99739644e-01
 -1.95839523e-01  2.09464385e-01  4.28682160e-01 -4.02257977e-01
 -6.71397933e-02  9.72695448e-02 -1.96148881e-01  1.18714076e-01
 -5.17465486e-02 -4.99543186e-01  4.30244532e-02 -1.77044397e-01
  6.06769079e-02 -5.76763108e-02 -2.99737374e-02 -1.22425563e-01
  2.33479280e-01 -2.70975981e-01 -4.17386611e-01  1.90072428e-04]",1.0,5,1,0,0,17060,3,3
100,CMA-ME,"[-0.09476604 -0.10642659  0.08585666  0.23222308 -0.28173434 -0.02688926
  0.05942372 -0.21587255  0.03331751 -0.38410943 -0.18377638 -0.16270221
 -0.09254741  0.07247663 -0.23289683 -0.13575324  0.07357131 -0.34395546
  0.17771766 -0.26723819 -0.11244277 -0.19912006  0.15146306 -0.01119083
  0.03287322  0.09117712 -0.34148488  0.12275182 -0.28080009 -0.13505489
  0.12338525  0.23049623]",0.8156468272209167,3,1,0,0,17480,47,5
101,CMA-ME,"[ 0.23167564  0.23536613 -0.27610207 -0.12960779  0.02083804 -0.1023995
 -0.08614521 -0.29240155  0.30477837  0.0904239   0.31201311 -0.18975396
 -0.12522793 -0.22919561  0.03102352 -0.45661358  0.0677663   0.39807936
 -0.31756474 -0.05326043  0.04224663 -0.11106813 -0.26387838  0.05645004
 -0.09533753 -0.11499984 -0.25033408  0.20781554 -0.24019804 -0.02288007
 -0.30810535 -0.06058837]",1.0,5,1,0,0,17180,1,3
102,CMA-ME,"[ 0.06796478 -0.07867006  0.14868263  0.38479566 -0.04196123  0.04070953
 -0.0593274  -0.11820985  0.27198351  0.03738378  0.32580605  0.28386503
  0.02695803 -0.1161835   0.06538988 -0.04575726  0.12359449  0.04328375
 -0.13406978 -0.00842811 -0.05902452  0.16775877 -0.11969728  0.02000112
  0.00212016  0.0334388   0.12271264  0.03281797  0.09196691  0.13010619
  0.02099235  0.03706236]",1.0,4,0,0,0,16880,4,2
103,CMA-ME,"[-0.16605988 -0.00634112 -0.07748853 -0.00222799 -0.00118441  0.09535895
  0.16400425  0.21969535  0.10968253  0.09809822 -0.32878266  0.24132938
 -0.12535007  0.27568011  0.31174988 -0.06088785 -0.27837125 -0.02601532
 -0.01386583  0.0622332  -0.35751397 -0.00065152 -0.20267301 -0.15305034
  0.08093458 -0.16116522 -0.01940419  0.22127586  0.07047322 -0.21072857
 -0.14946188  0.04909713]",1.0,5,0,0,0,17000,28,1
104,CMA-ME,"[-0.41829739 -0.0245974  -0.25235112  0.11810039  0.20660962  0.22915133
  0.08064908  0.11237062 -0.39128142 -0.30675147 -0.20924729 -0.07152794
  0.04151407  0.14871202 -0.02013886  0.38647129  0.18812989  0.04504924
 -0.15503464  0.00693223  0.18455054  0.05804801  0.10231763  0.3058419
  0.06655714  0.02430316  0.31429634  0.0995511  -0.02962305  0.12517061
 -0.2555329  -0.16907411]",1.0,4,5,0,0,16100,16,9
105,CMA-ME,"[-0.18746227 -0.02864999 -0.13147511 -0.28976817  0.00058917 -0.17724618
  0.39331295  0.23761193  0.27222492  0.09891095  0.04726098  0.04946665
  0.24196721 -0.07152577 -0.20833352 -0.37178127  0.2163261   0.21566048
 -0.27294263  0.39627723 -0.21988765 -0.30584976 -0.0880784  -0.22543709
  0.1099669   0.28021303 -0.07176457  0.58805767 -0.25380088  0.55109326
 -0.15669717 -0.10549093]",1.0,5,0,0,0,17000,31,1
106,CMA-ME,"[ 0.18885759 -0.32350541 -0.01181434  0.00144032 -0.08789308  0.34352813
  0.04684512 -0.30221605 -0.50432219  0.17302676  0.34365096 -0.1568398
  0.19377857  0.12702548 -0.09774674  0.09619368  0.05532857  0.01947262
  0.03720944 -0.01184153  0.04771877 -0.04667577 -0.16839125 -0.05273587
  0.14862561 -0.09373366 -0.26229158  0.19796194 -0.4177078  -0.18556752
 -0.11457533  0.07681558]",1.0,6,1,0,0,17000,2,3
107,CMA-ME,"[-0.14815848  0.38753136 -0.14064227  0.30411566  0.21320673  0.19265893
  0.13948911  0.09117364 -0.15405527 -0.05773003 -0.12803339  0.07826334
  0.20331647 -0.07067112 -0.13902496  0.26610963  0.0273441  -0.06045256
 -0.00908439  0.09815059 -0.33028678 -0.10740442 -0.04498593  0.42970947
  0.18298314 -0.02342214 -0.22446109  0.30068239 -0.09503732  0.23960914
  0.38468568 -0.14379146]",1.0,7,0,0,0,16940,20,6
108,CMA-ME,"[ 0.03452549 -0.15974497 -0.24933431 -0.02754039  0.31906826  0.07521514
 -0.1857943  -0.32895744 -0.18261912 -0.2571572   0.11250541 -0.32383029
 -0.22617378 -0.14380876 -0.23934092  0.0641755   0.13093947  0.07555374
  0.19620738 -0.30162118  0.22851387 -0.01223047  0.19176599 -0.1396467
 -0.2236794   0.17235642  0.09084146 -0.06150917 -0.15673899 -0.1577092
  0.18604797  0.37388742]",0.8263235688209534,3,0,0,0,17600,49,4
109,CMA-ME,"[ 0.44181439 -0.35307918  0.1592798   0.08539145  0.18684218  0.32890457
 -0.2749903  -0.18983197  0.00165723  0.10878574  0.35845937  0.01062719
  0.25892892  0.1554515  -0.04085022 -0.10011168 -0.12526613  0.1246351
  0.14927287  0.20762445 -0.1740545   0.08168834 -0.3175167  -0.19910385
  0.03813743 -0.19001099  0.16307729 -0.09392921 -0.23069975 -0.15866001
  0.06831281  0.22298157]",0.8263235688209534,3,0,0,0,17600,52,6
110,CMA-ME,"[-0.06364412 -0.17373756  0.00908469  0.33969176 -0.1593144  -0.1267265
  0.16763542  0.08863324  0.05252181 -0.08628765 -0.42094391 -0.20119335
  0.00473832  0.17659827  0.17175038 -0.20956347 -0.11040244 -0.39541021
  0.08591271 -0.01767877  0.04846726  0.23556045  0.04810927  0.13303248
  0.17677326 -0.04358914  0.09845324 -0.05119394  0.2730299  -0.35805536
  0.21243943  0.19272589]",1.0,4,7,0,0,16820,15,11
111,CMA-ME,"[ 0.02693125  0.02308716 -0.08432826 -0.07430939  0.03428661 -0.12447884
 -0.27613167 -0.15347926  0.46078409 -0.08373162 -0.40424497 -0.15312063
 -0.43441894  0.37627783 -0.0243707   0.06250126  0.09598023 -0.13070935
  0.27453084 -0.28369136 -0.07302817  0.09356768 -0.29553451 -0.17144476
  0.2267013  -0.10854813  0.16260239 -0.01734987 -0.25988299  0.17115121
  0.33510472  0.20592125]",1.0,4,0,0,0,16880,7,2
112,CMA-ME,"[-0.20693597  0.05740126 -0.22572493 -0.08963631  0.08436875  0.13065443
  0.09824881  0.15080813  0.07779144  0.37587562  0.07212579 -0.11984295
 -0.25627093  0.12784854  0.36532923 -0.03076428  0.15050996 -0.19025846
 -0.55700971 -0.05202307 -0.27217156 -0.15446999  0.3211267  -0.27394036
  0.11094882 -0.11796919 -0.18486962 -0.00351245  0.1276459  -0.10161947
  0.22883028 -0.03938735]",1.0,6,1,0,0,17000,3,2
113,CMA-ME,"[ 0.18684178 -0.14018987  0.05131483  0.26297155 -0.00207799 -0.11607493
 -0.17502168  0.09963169  0.26346806  0.19970855 -0.12279736  0.24663131
  0.00703514 -0.14480236  0.23654609  0.11740962  0.25101745 -0.14907987
 -0.10851978  0.12849783  0.22375494  0.21901233 -0.30427064 -0.09678628
  0.10773755 -0.08762091 -0.44978859  0.30336712  0.13303712  0.19624302
  0.00889774  0.24102169]",1.0,5,0,0,0,17180,17,4
114,CMA-ME,"[ 0.02700897 -0.31444799  0.11385831  0.15504889 -0.16933828  0.09156624
  0.00569983  0.10304289  0.19699978 -0.02131842  0.01369209  0.03767276
  0.05993051  0.01154566 -0.13033836  0.05278185 -0.13848699 -0.07322561
  0.29326343  0.10323189  0.18097642  0.19681234 -0.10340926  0.14691641
  0.108308   -0.12147496  0.31241793 -0.01918658 -0.27459162 -0.32521193
 -0.00631916  0.45800682]",0.8156388998031616,3,1,0,0,17420,34,2
115,CMA-ME,"[-0.03394288 -0.0022279   0.27307285  0.05744398 -0.4522054   0.14508346
  0.22439167 -0.13777141 -0.29255716  0.15241659  0.2516818  -0.50005695
 -0.30882381 -0.13681124 -0.2035048   0.08277983  0.00571214  0.1002333
  0.03559839 -0.19975813  0.15663218 -0.43275164  0.2738384   0.26538267
  0.05209514  0.13682342  0.13331909 -0.14762723  0.19826543 -0.04337982
 -0.25969232 -0.38452498]",1.0,6,0,0,0,16760,33,2
116,CMA-ME,"[ 0.23012001  0.03514802 -0.23373939 -0.26123295  0.00440118 -0.28740248
 -0.12476487  0.30201773 -0.08417324  0.12622324  0.30427231  0.30493229
 -0.13952812  0.19321641 -0.02361523  0.02107372  0.06251221  0.27930389
  0.06882857 -0.00826698 -0.32783766 -0.13446206 -0.14288836  0.1977803
 -0.1038235   0.10562158  0.18118659  0.06512412 -0.10268867 -0.19487771
 -0.10956914 -0.11226525]",0.8156388998031616,3,1,0,0,17420,35,2
117,CMA-ME,"[ 0.101189    0.02898935 -0.06354645  0.00072607 -0.1587543  -0.10300646
  0.10901165 -0.23318733 -0.19254116  0.12867615 -0.19126044 -0.29856793
 -0.10695355 -0.05288591  0.05223916 -0.2044205  -0.04982668  0.15308175
  0.01712754 -0.09647653 -0.14913261 -0.06624472 -0.6203072  -0.14879889
  0.18736267  0.14659682 -0.31571551 -0.37726353 -0.00781761 -0.22619649
 -0.05365007  0.07365901]",0.9899198412895203,6,0,0,0,16940,13,2
118,CMA-ME,"[-1.75936833e-01  2.36376468e-02 -3.10609331e-02  8.44641730e-03
 -7.89567654e-02 -1.53616412e-01 -1.23062419e-02 -3.10926436e-01
  1.48200736e-01 -9.64585140e-02  1.40023978e-01 -3.38337534e-02
 -2.34468220e-01 -6.40942134e-02 -4.00145709e-02  2.49376025e-04
 -2.11020455e-01 -2.04269420e-01 -2.89908547e-02 -2.24556779e-02
  6.58351192e-02  4.41493512e-01 -1.21923417e-02 -9.89172298e-02
  2.34140599e-01 -4.17970182e-02 -3.42840189e-01 -1.41645217e-01
 -8.94285550e-03  2.31951287e-01 -3.54612130e-01 -1.55611786e-01]",1.0,6,1,0,0,17000,3,2
119,CMA-ME,"[ 0.15838644  0.37214621  0.1365121  -0.04812519 -0.00965921 -0.01892793
  0.26337671 -0.0754576   0.01531404 -0.0491294  -0.01423661 -0.15201698
 -0.32664142  0.0183893  -0.00353661  0.13451247 -0.08706323 -0.1236452
 -0.24007175  0.10681338 -0.21231994 -0.09046334 -0.00798323 -0.10798087
 -0.15086435 -0.16753787 -0.15303036  0.31136413  0.12710657 -0.01521336
 -0.11736396 -0.53990646]",0.8156388998031616,3,1,0,0,17420,39,3
120,CMA-ME,"[ 0.105564    0.06561233  0.25609453 -0.35942275 -0.40439217 -0.11332752
 -0.0673289  -0.12674436  0.17190072  0.26403178 -0.28631998  0.10668543
 -0.11779223 -0.03587625 -0.03379278 -0.11707489 -0.37866581 -0.21820225
 -0.31908027  0.17288231  0.1929555   0.14803183 -0.06013197 -0.20767935
  0.18702842 -0.23112995  0.33515968 -0.14255437  0.2422076   0.25601374
  0.13821301 -0.25817218]",1.0,5,0,0,0,16760,32,2
121,CMA-ME,"[ 0.06097415 -0.23223605 -0.33879875  0.24444561  0.18602961 -0.0669361
 -0.0189592   0.10410228 -0.10678516 -0.03421009  0.12034632  0.05635304
 -0.22208647 -0.0088615   0.12368389 -0.20873197  0.02117998 -0.34467983
  0.09294302 -0.21152704 -0.15854686 -0.06454828  0.20547459  0.1746398
  0.20946621  0.11315009  0.29031008 -0.28707386 -0.19204361  0.00518534
 -0.61292166  0.03477231]",1.0,5,0,0,0,16760,31,2
122,CMA-ME,"[-0.03281653 -0.13758809  0.27432391 -0.01149804  0.39374938 -0.35039906
 -0.31908725 -0.21907076  0.06961178 -0.28940224  0.07794705  0.1519451
  0.31221253 -0.15105003  0.03042891  0.40022069  0.14488437 -0.26848278
  0.16672297 -0.11147112 -0.01955082 -0.04658905 -0.12494491  0.19147621
  0.3255688  -0.0764859  -0.18281055  0.16392564  0.02892697 -0.2050281
 -0.47226914 -0.13464722]",1.0,6,1,0,0,17000,2,3
123,CMA-ME,"[ 1.60593988e-01  3.39901244e-02  6.01106639e-02 -3.22727768e-01
  4.61389392e-01  7.10781160e-02 -3.78168537e-04 -1.68402763e-01
  5.07547218e-01 -4.65248780e-01  5.94372153e-02 -2.06624877e-01
  1.09921750e-01  8.77545080e-02 -3.62233213e-02 -2.56784475e-01
 -4.77521020e-02  1.18227768e-01 -1.40558986e-01 -8.93086009e-02
  2.56510258e-01  1.99941640e-01  3.36979690e-02 -6.73814989e-02
  2.11769499e-01 -2.16811069e-01 -6.10975283e-02 -1.20967675e-01
 -2.63927429e-01  4.76753781e-01 -3.05505901e-01 -4.03744358e-01]",1.0,5,1,0,0,17240,18,7
124,CMA-ME,"[ 0.06985737 -0.10926231  0.45980479 -0.04872994  0.18176676  0.06463835
  0.18927806  0.21665651  0.00613097  0.12677313 -0.10781083  0.02177057
  0.25740159  0.03163784 -0.12011139  0.16577373  0.08215411  0.02276464
 -0.08449852  0.329056    0.0871732  -0.0060613   0.15215755 -0.30939204
 -0.06846765 -0.16361254 -0.10166163  0.14010699  0.23624323  0.17416295
  0.39598774  0.09444413]",1.0,5,0,0,0,17300,17,7
125,CMA-ME,"[ 6.48102794e-02  7.16654926e-02 -2.03532529e-01 -9.34843053e-02
  1.20182299e-01  4.57207931e-01  2.75686826e-02  1.85756336e-01
  1.62234644e-01  1.75269573e-01  2.34835815e-01 -2.29764798e-02
 -9.15056937e-02  1.48570513e-01  3.27764811e-01 -2.81712294e-01
 -1.04120624e-01 -1.45364038e-01  2.95597774e-01 -1.42347602e-01
  3.14501505e-01  2.68996217e-01 -1.39488295e-01 -1.92131306e-01
 -1.48821852e-01 -2.80746966e-02 -2.21775171e-02  1.11114605e-01
  6.67843633e-02 -2.84536891e-04 -1.01241855e-01 -1.36711897e-01]",1.0,5,0,0,0,16760,31,2
126,CMA-ME,"[-0.25968605 -0.26983035  0.24286138 -0.25922367 -0.06254301 -0.15656341
  0.03852865 -0.13669484 -0.07790518  0.11736977  0.22149508  0.06819594
 -0.23731537 -0.22728032  0.0093304   0.07300452 -0.10300542 -0.26717166
  0.38195225  0.09939476  0.11209861  0.07127206 -0.13140132  0.12547102
  0.37129537 -0.32086814  0.07657726 -0.22371233  0.29226503 -0.07607526
 -0.04227678  0.01279024]",1.0,6,1,0,0,17000,3,3
127,CMA-ME,"[ 0.11078554  0.16597593  0.00371759  0.112701   -0.12134096  0.15277587
  0.20518972  0.01388261  0.04827504  0.0863357  -0.23788201 -0.30736473
 -0.17481239  0.03952522 -0.05303629  0.17602698 -0.23013383 -0.0194126
 -0.13573907 -0.04921122 -0.34685339 -0.37111065  0.09385786 -0.48237498
  0.35701987  0.05768853 -0.2824135  -0.29879853  0.1875903   0.50630703
  0.17052358  0.06294835]",1.0,4,0,0,0,16880,3,2
128,CMA-ME,"[ 0.12186937 -0.00332293  0.01168161 -0.36690036 -0.13678942 -0.5897234
  0.29885156 -0.07906443 -0.01759705  0.15833158 -0.06710682  0.00716125
 -0.30809771 -0.04027836  0.08067162  0.27839022 -0.0382138   0.18614234
 -0.02529223  0.07370282  0.02402917  0.17177479  0.02936126  0.27313779
  0.31198088 -0.14697817  0.00515958  0.3146052   0.15852803 -0.37243231
  0.27470751 -0.10945784]",1.0,6,0,0,0,16760,33,2
129,CMA-ME,"[ 0.02910313 -0.35870929 -0.2306082  -0.04393595  0.09212861 -0.31972351
  0.04614126  0.08129479 -0.35852978  0.20627358  0.12002721 -0.20721787
  0.14838864  0.06169982 -0.04697227 -0.09997699 -0.17274158 -0.41802884
 -0.05234017 -0.08621672  0.62033405  0.05969062  0.22066657 -0.00796008
 -0.10049722 -0.15571104 -0.1261459  -0.03073893 -0.01330963 -0.03824251
  0.25123221  0.31313796]",1.0,4,6,0,0,16640,15,10
130,CMA-ME,"[ 0.16120255 -0.0379148   0.18182715  0.19147016 -0.04472521  0.21433955
 -0.21056373  0.1783836   0.4540024   0.16594399 -0.11276318  0.38509409
 -0.06276126  0.01606937 -0.01102798 -0.0328913   0.28631946 -0.14636854
  0.10216671 -0.0012342   0.06223173  0.1575911   0.49569571 -0.0167126
  0.22683147  0.13459828  0.36498291 -0.1059613  -0.08115956 -0.10873235
  0.05099304 -0.01821654]",0.8294223546981812,3,5,0,0,17330,17,10
131,CMA-ME,"[ 0.2395586   0.32339353 -0.46597457  0.08016296 -0.3524119  -0.05256126
 -0.00861223  0.33724203 -0.25488735 -0.08893544 -0.15151799  0.09361091
  0.42037676 -0.00974588  0.16621064  0.10550528  0.0537303   0.27258407
 -0.04635204 -0.11933157 -0.30088253 -0.09448523  0.24593618  0.08596612
  0.06576802 -0.05535014 -0.0928257  -0.03589468 -0.18200401 -0.2141387
  0.13789664 -0.0854351 ]",1.0,5,1,0,0,17240,14,9
132,CMA-ME,"[ 0.07944868 -0.01048106  0.27248454  0.21956255 -0.09557949  0.03969487
  0.01288862 -0.14913284  0.05674395  0.06655868  0.01724003  0.08644732
  0.06503788 -0.01408323 -0.00492754 -0.14408524 -0.20427135  0.07027787
 -0.01464222  0.50496845 -0.22778582 -0.11444657  0.16413728  0.15447223
 -0.14287745 -0.24432349 -0.30610211 -0.0438506   0.27394197  0.13236353
  0.10577454 -0.0971704 ]",1.0,5,1,0,0,17240,18,7
133,CMA-ME,"[-0.00282632  0.10441603  0.04186185 -0.27790772 -0.05143784 -0.06584096
 -0.22346618 -0.28816272 -0.14164705 -0.10965453 -0.03287875 -0.35880945
  0.14531515  0.16140898 -0.01330044 -0.11797746 -0.21556907 -0.28136683
 -0.15625597 -0.05846306  0.11090875 -0.12186756 -0.03933294  0.08508598
 -0.13907968 -0.60572792 -0.07628637  0.11204755  0.38466518  0.20019167
  0.23480311 -0.05343757]",1.0,3,2,0,0,17300,12,9
134,CMA-ME,"[-0.1400672  -0.07377793  0.18755001 -0.20570905 -0.14423244  0.28511247
  0.01579689 -0.14908868  0.38468079  0.22111936 -0.14425547  0.05948413
  0.16377396  0.10184543  0.34893416 -0.16384009 -0.03785897 -0.32918798
  0.030135   -0.19265071  0.06464965  0.29924444 -0.04050096 -0.17077279
  0.0658439   0.19265472  0.1757651   0.03765432  0.07897201 -0.19678494
  0.17472761  0.12629966]",0.9974865913391113,5,1,0,0,16430,13,2
135,CMA-ME,"[-0.0966185  -0.08930988  0.09339259  0.49715834  0.19867386  0.07157295
 -0.15605181  0.52404517  0.01563814 -0.02504154 -0.03942491 -0.32759639
  0.02523841 -0.06222907  0.47689253 -0.25579956  0.19369012 -0.01831492
 -0.08506152  0.25131841  0.26575518 -0.15359917  0.23550028  0.2954772
 -0.07692814 -0.26798066  0.01485106  0.44112773  0.11700275  0.10979652
 -0.12490846 -0.29243225]",1.0,7,1,0,0,16940,21,8
136,CMA-ME,"[-0.16851925  0.36342175 -0.14732177  0.13713829  0.14580449 -0.30149844
  0.53717794  0.01217344 -0.18360077  0.23047783  0.08564836 -0.33275986
  0.29941516 -0.11825572 -0.20026751 -0.0608995  -0.14196246  0.07634743
  0.10109753  0.07988862 -0.00214567  0.13341821 -0.10218483 -0.42839982
  0.21047905  0.12293272 -0.01988196  0.00107523  0.35002664 -0.03049773
  0.1529176   0.21422487]",1.0,5,0,0,0,16760,32,2
137,CMA-ME,"[ 0.22522201 -0.12110031 -0.03108911  0.0791801  -0.34105598 -0.09264417
 -0.31271432  0.09224309  0.07170477 -0.13039122 -0.19771429 -0.32016497
  0.24814501 -0.44719232  0.21788563 -0.09862423 -0.13820935 -0.27718017
 -0.02056254  0.00293241  0.0321438  -0.34917826 -0.09100354  0.22195134
  0.58921959  0.02653122 -0.23107969  0.02183753  0.2443944  -0.20228695
  0.08846675 -0.0184355 ]",1.0,5,0,0,0,17000,32,1
138,CMA-ME,"[-0.15610056 -0.2053168  -0.15763995  0.29267494  0.37547313 -0.09191996
  0.25943765  0.10871908  0.11549692  0.19709477  0.01173154 -0.33153294
 -0.15023062  0.15522164  0.08353191 -0.07529617  0.01748456 -0.12853828
  0.18074716 -0.07932692 -0.14493504  0.23698926 -0.29742953 -0.11038459
 -0.08484746 -0.17700127  0.03338835  0.03104861  0.60852897  0.09730571
 -0.3476364  -0.33617376]",1.0,5,0,0,0,16940,30,1
139,CMA-ME,"[-0.25104242  0.15221845 -0.44482447  0.05639403  0.09324726  0.01288943
 -0.42509104  0.22539189  0.19784089  0.2051431   0.05458549 -0.18810537
 -0.21750881  0.2277403   0.05311741 -0.10642203 -0.25727696 -0.19906604
  0.03545013 -0.06962108 -0.17767023  0.15428686 -0.01578592 -0.09664103
 -0.00277068 -0.10576967  0.0429639  -0.07366053  0.07553829  0.31142115
 -0.2776636  -0.01956076]",0.8261634707450867,2,0,0,0,17720,31,1
140,CMA-ME,"[ 1.72667773e-02 -1.50693346e-01 -5.05730413e-02 -4.66431851e-03
 -6.43001297e-02  1.05458435e-01  2.21363142e-01  1.53367613e-01
  9.56903619e-02 -3.16444388e-01 -9.56680288e-03  2.17454298e-01
 -4.82787347e-01 -8.66000287e-02  8.76732143e-03  2.73304113e-02
  1.83968880e-02  2.04858675e-01  8.19600196e-02  7.72605218e-02
  8.37789811e-02 -2.08671799e-01 -2.98525286e-01 -9.97621264e-02
  1.24493812e-04  1.25621129e-01 -1.82204058e-01 -1.30941827e-01
  3.04592247e-01 -7.05873313e-02 -5.22364280e-03  2.19015397e-01]",1.0,6,1,0,0,17000,2,3
141,CMA-ME,"[ 0.15839024 -0.17465436 -0.33184548  0.03705316 -0.06747889 -0.21023603
  0.24414704 -0.13696373 -0.03968852 -0.17343625 -0.0008645  -0.12183743
  0.05635972  0.08812508  0.23048945  0.15736376  0.07040844 -0.15715777
  0.31176749  0.06315619  0.02743659 -0.07421966 -0.08822913  0.13060617
 -0.34275006  0.02249476  0.08342256 -0.09379597 -0.00445683  0.04847899
 -0.17511136  0.01967463]",1.0,5,0,0,0,16760,31,2
142,CMA-ME,"[ 0.03969695 -0.08856318  0.07233416 -0.18475609  0.26693001 -0.03331397
 -0.00651207  0.17662966 -0.11003116  0.01273746  0.10919093  0.26605516
  0.09264496  0.12440771  0.09116324  0.19889469  0.0565122  -0.02554054
  0.01058079 -0.05240442 -0.16027169  0.14971285 -0.13841066 -0.26060997
 -0.33639153 -0.21787178  0.07939271  0.02264592  0.20142686  0.28164904
 -0.01439059  0.02154446]",0.8156388998031616,3,1,0,0,17420,39,3
143,CMA-ME,"[ 0.16013146 -0.3829644   0.05539758 -0.00731591 -0.05209029  0.17928664
 -0.26597303  0.1281222   0.49842514 -0.03527448  0.1762813   0.09576574
 -0.01747951  0.20374567 -0.09323336  0.2832364  -0.10369757  0.04263497
 -0.23911785 -0.1031013  -0.35934861  0.1299284  -0.04873895 -0.47038655
 -0.09422573  0.22722956  0.17680204 -0.08321768 -0.39988306  0.0417102
 -0.32670794  0.35177967]",1.0,4,0,0,0,16880,3,2
144,CMA-ME,"[ 0.02829628  0.08084475  0.01521407 -0.26634677 -0.01598533  0.19324489
  0.3174016  -0.42994825  0.13377253  0.31810167  0.03022566  0.36569368
  0.16033999 -0.10243729  0.15256542 -0.03215539  0.19289247 -0.19942264
 -0.06861723  0.38523842 -0.03379131  0.19635106 -0.33473482 -0.10457438
 -0.08971071 -0.30072121  0.13707795  0.09411791  0.00375632 -0.1210416
 -0.15355667  0.35577233]",0.9899198412895203,6,0,0,0,16940,10,2
145,CMA-ME,"[-0.35459651  0.13416584  0.03932959 -0.04807381 -0.12900992  0.23020327
 -0.23014276  0.25861173 -0.45637588 -0.18412107 -0.11561874  0.25289824
  0.04734064  0.23273473  0.14875751  0.01234149 -0.08196433 -0.04682653
 -0.22471385  0.02270145  0.33270202 -0.19712205  0.00072161  0.03428318
  0.08961921 -0.26162684 -0.35515261 -0.35887016  0.21637606  0.20068947
 -0.10982632 -0.00254436]",1.0,6,0,0,0,16760,33,2
146,CMA-ME,"[ 0.12839434  0.09803834  0.1001595  -0.11381945 -0.18210885 -0.16608096
 -0.08511919 -0.0252964  -0.5523408   0.11956627 -0.02044903  0.01301045
 -0.24299382 -0.22910369  0.17738956 -0.15877158 -0.10554252  0.11337913
  0.0430485  -0.04701414  0.02240966  0.0398217   0.13896759 -0.05863793
 -0.28452377 -0.38012064  0.19569313  0.22506051  0.13567623  0.12802563
 -0.15475385 -0.03548955]",0.8263235688209534,3,0,0,0,17600,51,6
147,CMA-ME,"[-0.18381476 -0.04555641 -0.14135684 -0.25195118 -0.12072123 -0.30629637
 -0.04345313  0.10808592  0.34747094  0.14049155  0.0499909   0.00704579
 -0.09231841 -0.26626177  0.26141092  0.15251879  0.06320571  0.00861787
 -0.06123277  0.3960868   0.14264274  0.20183665  0.15891669 -0.00615345
  0.39965048  0.15700591 -0.3088445  -0.55569687 -0.21982692  0.26930804
  0.05596349 -0.01872077]",0.9899601936340332,6,1,0,0,17000,16,3
148,CMA-ME,"[ 0.14543005  0.04045319 -0.27244503 -0.02862827  0.15534069 -0.05739852
 -0.13361563 -0.10604024 -0.03743314  0.32375879 -0.56539738 -0.24719063
  0.10705981 -0.05184799  0.01371529  0.37378743 -0.05415492  0.04999636
 -0.05964579 -0.18876586  0.01259939  0.21718493 -0.16425203  0.08445913
  0.17632905  0.09713542 -0.1309989   0.03980072  0.41629987 -0.13263769
  0.23943987  0.14492299]",1.0,5,0,0,0,16700,8,2
149,CMA-ME,"[-0.05627123 -0.07830714  0.21070134 -0.05853781  0.15647437  0.03560583
 -0.03448404 -0.12345049 -0.30918003  0.2085189  -0.24564567 -0.07831055
  0.13268736 -0.12893807  0.21574439  0.05244455 -0.00522917  0.11520779
 -0.08941349  0.09620514  0.21247818 -0.17766744  0.02793336  0.30672961
 -0.22403366 -0.0363369  -0.03444065 -0.2816594   0.01176281 -0.1324103
 -0.04689579  0.07693804]",1.0,4,0,0,0,16880,3,2
150,CMA-ME,"[-0.00395098  0.00448849  0.03669951 -0.07315314 -0.22182881 -0.17061699
  0.43695372 -0.07200932 -0.01548447  0.11176828 -0.09854014  0.15117113
  0.20665427 -0.49138904 -0.34945282 -0.08888174 -0.2443301  -0.05569422
 -0.24268415  0.39218519 -0.01851096 -0.19606424 -0.04679047 -0.05588921
 -0.20727433 -0.1847911  -0.17636021 -0.13048806 -0.29460234  0.15600198
  0.05959378 -0.29771633]",1.0,5,0,0,0,16760,31,2
151,CMA-ME,"[ 0.06010253  0.16021291 -0.02289272  0.28322655 -0.23385068 -0.23814857
 -0.49994462 -0.10710389  0.13928828  0.0487176   0.14678287 -0.06811247
 -0.0904393   0.19192497  0.13737001  0.02681498  0.13965967  0.0391481
 -0.04295234  0.05122599  0.11346459  0.15452334  0.154676    0.05744823
  0.29029687  0.17453007 -0.1653272   0.28803877 -0.26354374  0.23001566
  0.08761853 -0.10159888]",1.0,4,0,0,0,16880,8,2
152,CMA-ME,"[-0.01536606 -0.04277324  0.06277915 -0.27115509  0.05006014  0.17594143
 -0.19681003 -0.04987924 -0.18161423 -0.00946934  0.14116287 -0.05358966
 -0.09598563  0.10409728  0.19194168 -0.47146663 -0.19226694  0.03187537
 -0.07403565 -0.05434867  0.28664088  0.33952281 -0.15087875 -0.17090577
 -0.23254551  0.45411338 -0.11731506 -0.23767651 -0.16740807  0.09430618
  0.09789792 -0.09200361]",0.8156388998031616,3,1,0,0,17420,41,4
153,CMA-ME,"[-0.26381609 -0.02020081  0.31896383  0.32255277 -0.05281451 -0.0672835
  0.27843793 -0.44190367  0.40444559 -0.03032401  0.24796119 -0.13038629
  0.3667047  -0.24270404  0.12973176 -0.00122331  0.19027057 -0.48000441
 -0.13220312 -0.28204555  0.25115557 -0.21012179  0.01707335 -0.19579071
  0.21319655  0.17833089 -0.22357568 -0.15096047 -0.19124047 -0.01404962
 -0.20140782 -0.02736048]",1.0,7,1,0,0,16340,17,4
154,CMA-ME,"[-0.08700052 -0.01468421  0.19464492  0.3427579  -0.08222538 -0.14049397
 -0.25785195  0.21484426  0.38215462 -0.00553961  0.20088506 -0.05925523
 -0.02406563 -0.17135562 -0.01765544 -0.23538211  0.17483511  0.05098034
  0.12676993  0.00487154 -0.05721181  0.32619223  0.15076973 -0.32003219
 -0.25982945 -0.12187823  0.04177501 -0.2058866   0.1558775   0.19594528
  0.30250983 -0.02464408]",1.0,5,5,0,0,16100,17,9
155,CMA-ME,"[ 6.48446731e-04 -2.25070550e-01  1.30319238e-01 -6.98426908e-02
 -2.38035416e-01 -1.00412783e-01  1.21279737e-01  2.57272697e-01
  1.11147072e-06  2.24373337e-04  2.53569232e-01  5.01767975e-01
 -4.16099495e-01 -3.26536508e-01  1.68705379e-01  1.98651728e-02
 -8.86239638e-02 -2.05099753e-01 -2.57697770e-01 -9.16052104e-02
  2.45992987e-01  6.56124382e-02  9.35529461e-02  5.04206338e-02
 -2.51439118e-01 -2.07952854e-01 -1.50362303e-01 -8.36748627e-02
  5.58722962e-02 -1.39203258e-01  4.54831669e-02 -1.38992746e-01]",1.0,5,0,0,0,16580,8,2
156,CMA-ME,"[-0.35239437  0.18714126 -0.27076331 -0.12170145 -0.22436599 -0.27151152
  0.05557064 -0.0112792   0.05399272  0.10490789  0.13647028  0.10479634
 -0.40007595 -0.13790855 -0.19858375 -0.23304081 -0.0295076  -0.23905414
  0.35502329 -0.02274667  0.1476974   0.16717036 -0.00605301 -0.15042153
 -0.16553424  0.08502524  0.01220109 -0.37848865  0.19866446  0.19561674
  0.31987302 -0.04413289]",1.0,5,1,0,0,16520,15,2
157,CMA-ME,"[-0.19714359  0.17683044  0.04884793  0.09261737  0.20177418 -0.3292528
 -0.16600639  0.34512962 -0.28340703  0.04728704 -0.03436711  0.12981164
  0.06857188 -0.15080357  0.5605482   0.1617705  -0.08391172  0.05130138
  0.28640205 -0.06233871  0.03326854  0.02752465 -0.32850228 -0.06787742
  0.29894852  0.3817279   0.02207662 -0.26416635  0.19618393 -0.49652381
  0.34492708  0.04312628]",1.0,6,1,0,0,17000,2,3
158,CMA-ME,"[-0.16722255 -0.0791205  -0.08747319 -0.21799467  0.17884188  0.21619491
  0.35563361  0.36198187 -0.21667986  0.09571666  0.07143255  0.05547673
 -0.03796877  0.09116859 -0.11340765  0.00364771  0.18603343 -0.06741008
 -0.1755714  -0.07889881 -0.04578486  0.24658259 -0.08365833  0.29286314
 -0.12394858 -0.05641792  0.05483707 -0.23794843  0.06543591 -0.02380074
 -0.18797332  0.04394067]",0.8263235688209534,3,0,0,0,17600,49,4
159,CMA-ME,"[ 0.25670896  0.34815701 -0.29154856  0.14781416 -0.02175497  0.40836225
  0.07128698  0.02432095 -0.22333972 -0.17611364  0.06005839  0.01920944
  0.10055567 -0.15982881  0.50806865  0.01436722  0.1743574   0.12949584
 -0.00504676 -0.05662364 -0.14964302  0.27896403  0.12277543  0.02393917
  0.0327591   0.12117122 -0.01870911 -0.18530454  0.23163718 -0.02171642
 -0.0212185   0.09471674]",0.8263235688209534,3,0,0,0,17600,52,6
160,CMA-ME,"[-0.07347555  0.14918327  0.06079064 -0.15041487 -0.27713564  0.11837387
 -0.00616416 -0.13460683 -0.07391618 -0.26257634 -0.03351677 -0.06108956
 -0.26097134 -0.11211663 -0.0982284  -0.00539901  0.02787781  0.16752415
  0.03471804  0.2285322   0.09904588  0.32266705  0.14717835  0.15289719
 -0.0014834  -0.19016925  0.02133457  0.07106795  0.04956251  0.13502491
 -0.36154662  0.03372704]",0.8263235688209534,3,0,0,0,17600,49,4
161,CMA-ME,"[-0.05934191 -0.28239476  0.17010771  0.23382122 -0.19031335  0.1766246
 -0.02581381 -0.11793162 -0.10009263  0.12634424 -0.40493702  0.09362702
 -0.37617565 -0.07432912 -0.13031242  0.27623435  0.06971881 -0.03376135
  0.23341268 -0.17361544  0.00501657  0.06060171 -0.25478509 -0.05333503
 -0.40492524  0.22644755 -0.06938451  0.25306786 -0.08864976 -0.35408815
  0.00423924 -0.04331564]",0.9899558424949646,5,0,0,0,17060,9,2
162,CMA-ME,"[ 0.10909134  0.15937346 -0.26978039  0.31676185  0.04963396 -0.03457139
 -0.27344821  0.13985542  0.12122628 -0.29225186 -0.0282658   0.2016134
 -0.11225885 -0.04747302  0.05679183  0.02319285 -0.19129053  0.35982852
 -0.28837056 -0.11619828 -0.10237509 -0.38257168  0.09376622  0.08204702
 -0.15829817 -0.1327335   0.36240469  0.07695695  0.07341466 -0.27072838
  0.31808138 -0.04625675]",1.0,5,3,0,0,17180,9,8
163,CMA-ME,"[-0.15399215  0.26109072 -0.30902151 -0.11415179  0.11753488  0.26980032
  0.12705057  0.0359094  -0.22688212  0.00119416  0.21928772 -0.11536479
 -0.3127368   0.24467197  0.25672535 -0.11016945 -0.00582797  0.15316855
  0.17614794  0.03113494  0.13539036  0.14758712  0.11807486  0.19240741
 -0.02262861  0.32314925  0.09304628 -0.21743043 -0.08516638 -0.22347587
 -0.17861241 -0.0546585 ]",0.8156388998031616,3,1,0,0,17420,39,3
164,CMA-ME,"[ 0.30817739 -0.25010893 -0.14695377  0.06344669 -0.09192492  0.12376112
 -0.3211846   0.19971334  0.0624981   0.06498377 -0.09500912  0.06061761
 -0.03393265 -0.12318184  0.41461909 -0.19408908 -0.33854892 -0.42060536
  0.05260952 -0.20246081  0.07157943 -0.03984139  0.38488987  0.38243918
 -0.19374932  0.1755103  -0.26163983  0.13984856  0.35231146  0.09386742
  0.26334641 -0.18472946]",1.0,4,1,0,0,16940,10,5
165,CMA-ME,"[ 0.21229901 -0.26152876 -0.27077982 -0.2757339   0.06380957  0.25155442
 -0.19556466 -0.09225386  0.35594241 -0.55846605 -0.03912553  0.04046099
 -0.01455698 -0.02712652 -0.06041006 -0.31739763  0.25048609  0.15611979
 -0.07099087 -0.21123536 -0.00418286  0.31622154 -0.27614283 -0.19492785
  0.12026602 -0.12001059  0.13328933 -0.01515679 -0.19346159 -0.5180745
  0.28562099 -0.25366134]",1.0,5,1,0,0,17300,16,8
166,CMA-ME,"[ 0.05289369 -0.0917209  -0.22237502  0.24852627 -0.07849253  0.52431439
 -0.3902879   0.29993124 -0.20230579  0.01080826 -0.15343564 -0.07558412
  0.09563892 -0.09047001  0.3850897   0.10416836  0.07718583 -0.34952558
  0.30888889  0.09524702  0.24018956 -0.14302    -0.06958144 -0.06242485
  0.53950882 -0.02218419 -0.31084396 -0.23927988  0.32489542  0.05953243
  0.18982127 -0.13403939]",1.0,4,0,0,0,16880,6,2
167,CMA-ME,"[ 0.24433932 -0.11296191 -0.09227008 -0.32150929  0.31160594  0.11853553
  0.05266931 -0.11794735 -0.02523499  0.13940323 -0.26008932  0.50385592
  0.25171753 -0.15744354  0.05187229 -0.28956302 -0.17950407 -0.08906198
  0.16275646 -0.14404094 -0.07116435 -0.05079139 -0.12924517  0.23690703
 -0.1658542  -0.01567909 -0.01689865  0.1330567   0.00954508  0.17185015
  0.0268517   0.29960195]",0.8156388998031616,3,1,0,0,17420,34,2
168,CMA-ME,"[-0.13330106  0.06098703  0.11775597  0.07198052 -0.29193553 -0.05352393
  0.05355578 -0.00327365  0.22707395 -0.25688847 -0.06166944 -0.09200832
 -0.14460886  0.17000865 -0.17710784 -0.15341833  0.13310616 -0.11169813
  0.03067728  0.10813968 -0.19498063  0.26441948  0.05452219  0.15022334
 -0.02663447  0.06817599 -0.12629574  0.39472465 -0.06132408 -0.00241555
 -0.07941208  0.05032958]",1.0,4,5,0,0,16100,16,9
169,CMA-ME,"[ 0.06441931 -0.20609592  0.19316915  0.30559292  0.05108856 -0.26721557
 -0.05627506  0.08105389  0.27888093 -0.10719505  0.06454077 -0.04297782
 -0.53155817 -0.04434355  0.25876714 -0.08365311  0.22230622 -0.05032996
 -0.20771733  0.23846446  0.02715102 -0.2485682  -0.12786814 -0.05069447
  0.3556229   0.0703659   0.52461071  0.30598079 -0.17260456  0.00149649
  0.03498743 -0.09508153]",0.9952232241630554,5,1,0,0,17120,3,3
170,CMA-ME,"[ 0.13892416 -0.18547327 -0.12255614 -0.10190382  0.17070555 -0.01981634
  0.13657146 -0.32946401  0.30877645  0.16115783 -0.06257745 -0.21057902
 -0.15978712 -0.08619641  0.01090774 -0.00657057 -0.16198492 -0.38697454
  0.59336315  0.03714568  0.31981886  0.11495092 -0.1702224  -0.04137541
  0.04333736 -0.16314065  0.03607398 -0.134686    0.01444533 -0.13115064
  0.10832019 -0.27734069]",1.0,5,0,0,0,17000,30,1
171,CMA-ME,"[-0.02026134  0.30266239 -0.40811108  0.24790298  0.05755844  0.00357238
 -0.05880724 -0.30397892  0.17676787 -0.12690837  0.13867031 -0.45756101
  0.33915264 -0.06031705 -0.11107186 -0.21615144  0.01472101 -0.21642547
 -0.07924694  0.22441496  0.14867563 -0.10045271 -0.46026256 -0.03757518
 -0.12603529 -0.39277723 -0.36355675  0.1560492   0.290541   -0.03785209
  0.11537322 -0.06749856]",1.0,4,0,0,0,16760,31,1
172,CMA-ME,"[ 0.52335174 -0.06846885 -0.30819627 -0.03016101  0.12157229  0.3516098
 -0.00260596  0.1003412   0.01050372 -0.14137399  0.01787076  0.00254155
  0.06008709  0.23199597  0.07780393  0.34132044  0.0602972  -0.27835394
  0.10231832 -0.36318196 -0.226404   -0.13881403  0.03832649 -0.20944061
 -0.01824224  0.09660904 -0.27475416  0.14177693 -0.09273224  0.01914238
 -0.25909586  0.10711035]",1.0,5,0,0,0,16760,32,2
173,CMA-ME,"[-0.132511   -0.17712604  0.02366795 -0.34382492  0.11653351  0.10586018
 -0.127856    0.13510085  0.31001312 -0.06654862 -0.21322092  0.0803807
  0.1017411   0.10125513 -0.23758702  0.03083396  0.23098748 -0.05987713
  0.23175917 -0.110975    0.16643886 -0.20259639  0.09097304 -0.23270518
 -0.12236577  0.48217472 -0.33602885  0.08895421  0.25846086  0.24752268
 -0.21740165  0.34713787]",1.0,6,1,0,0,17000,2,3
174,CMA-ME,"[ 0.00440179 -0.11268558 -0.43827703 -0.191865   -0.03759275 -0.17900338
  0.17261115 -0.15947516  0.12179298  0.23728352  0.28927579  0.02588889
  0.19537425 -0.2530868  -0.13015391  0.11008952  0.06533504  0.19289511
 -0.2631271   0.11713509 -0.20233851  0.04893938 -0.16782466 -0.1442691
 -0.03606761 -0.26495711 -0.17136369 -0.14345508  0.06717769  0.00755159
 -0.20121688  0.10419012]",1.0,7,0,0,0,16880,3,4
175,CMA-ME,"[-0.22402978 -0.24816246  0.01922262 -0.01574179 -0.04273746  0.06109985
  0.10157896  0.14534752  0.1885398  -0.23257073 -0.00786577 -0.3025875
  0.21294734 -0.04768706  0.09790248 -0.16795966  0.32082203  0.20811174
  0.15391781  0.23483922 -0.10453138  0.00384839 -0.27297568  0.06520271
 -0.36556926 -0.03301885  0.28296336  0.26865591  0.05166082  0.0222352
 -0.01013734 -0.27966674]",0.8263235688209534,3,0,0,0,17600,52,6
176,CMA-ME,"[ 0.07027371  0.29247586 -0.20247193  0.06681325 -0.33367346  0.32902172
 -0.1809522  -0.26798911  0.16001999 -0.19163188 -0.16047291 -0.40967392
 -0.52539547  0.14397967 -0.23186782  0.03182724  0.28345926 -0.00794736
 -0.09955899  0.07192014 -0.21228346 -0.13480641 -0.25725123  0.07480786
 -0.19099879  0.07859558  0.36850956 -0.0047332  -0.22306856 -0.0098934
  0.08585543  0.16122796]",1.0,5,0,0,0,16760,32,2
177,CMA-ME,"[-0.18444436 -0.02930138  0.26496617 -0.00884352  0.09666017  0.13974173
  0.27043978  0.14437118  0.06524008 -0.11448439 -0.01283454  0.20290724
  0.18330345  0.15035027  0.09640863  0.40927771  0.077794   -0.10736772
  0.24307213  0.27701948 -0.2072818  -0.05405232  0.1619562   0.32236279
  0.51151101  0.23728828  0.26354118 -0.10230193 -0.11111817 -0.06169701
  0.16155842  0.02514382]",0.8000783920288086,3,2,0,0,17750,47,8
178,CMA-ME,"[-0.25183496 -0.00855635 -0.10954951 -0.08008868 -0.07644791 -0.06739283
 -0.18425707 -0.33546339 -0.37787289 -0.2779296   0.42653312  0.34391886
  0.06685877 -0.17817186 -0.04492074  0.05678551 -0.09798303  0.02078991
  0.25821599  0.15321876  0.00552858 -0.200804   -0.18863537  0.19333558
  0.21266625  0.1910094   0.4042175  -0.29327839  0.214976    0.08918491
 -0.0097324   0.1685943 ]",1.0,5,0,0,0,16940,30,1
179,CMA-ME,"[-0.22765508 -0.12544602 -0.20800462 -0.26405086 -0.05828302  0.14019282
  0.36441815 -0.22671282 -0.22941214  0.10443073  0.31399211 -0.25620666
 -0.05521455 -0.38966839  0.04314349  0.32295576  0.22881341 -0.17821499
  0.37881504 -0.11599432 -0.06631324 -0.09120963 -0.46170344 -0.11759395
 -0.23409645 -0.11289007 -0.14316507 -0.07603103  0.25049537  0.13572166
 -0.04247898  0.12967171]",0.9899601936340332,5,1,0,0,17000,16,2
180,CMA-ME,"[-0.39597088  0.11876114 -0.04967395  0.2835741  -0.20405456  0.02765996
  0.23928988  0.11805871  0.18236037  0.07997948 -0.01615537 -0.20168613
 -0.10424559 -0.03900805 -0.01349539  0.09228876 -0.33934993  0.06858049
 -0.17256629  0.23437489  0.25881066  0.33233217 -0.3468286   0.06357594
 -0.03616118 -0.35304375  0.03430984  0.02387649 -0.03437466  0.0314467
  0.31212889  0.23371214]",0.8156512975692749,2,1,0,0,17600,31,1
181,CMA-ME,"[-0.02691018 -0.22273947 -0.24722133  0.10736117 -0.18931767 -0.04288873
 -0.18572469 -0.0939287  -0.08804076  0.0243588   0.26792514 -0.04436999
  0.24783717 -0.09684241  0.05502886 -0.53707374 -0.02447231  0.05609098
  0.12399138  0.04379189 -0.12602732  0.05491482  0.18903178  0.11621517
 -0.12341191  0.00847951 -0.11124955  0.07151461  0.15184092  0.47816351
  0.276078    0.16430301]",1.0,4,1,0,0,17270,11,6
182,CMA-ME,"[-0.14934993 -0.15555105  0.22338247  0.14640245  0.38480424 -0.00988091
 -0.11200779  0.0884665  -0.18490163 -0.01398019 -0.15658117  0.05001924
  0.03016973 -0.17095375 -0.01020723  0.18408428  0.10262081 -0.55566031
  0.10712317 -0.33655378 -0.10290938 -0.4211135   0.1610168  -0.02552418
  0.02048922  0.42406498  0.13465854 -0.15496755  0.13814327 -0.0913886
  0.06658573 -0.40118326]",1.0,6,0,0,0,16760,33,2
183,CMA-ME,"[ 0.20007276  0.20710052  0.09671688  0.49500589 -0.02318125 -0.15089237
 -0.09383153 -0.09686276  0.17957378  0.14749634 -0.00713294  0.24304345
  0.2100791  -0.04207881 -0.41483683  0.07688892 -0.25726175  0.14928582
 -0.30358268  0.42625456  0.38986672 -0.01945505  0.46922633 -0.06650297
  0.01631233  0.02859339 -0.24387203  0.06458189 -0.09145921  0.02953558
 -0.14017623 -0.15361487]",1.0,4,5,0,0,16940,15,11
184,CMA-ME,"[-0.06038045 -0.05678615 -0.31098324  0.17069014  0.26597737  0.27664724
 -0.06976723 -0.30012143 -0.04906783 -0.14806228  0.26562868 -0.3149494
  0.11564124 -0.26156215 -0.49263665 -0.06534627 -0.29480055 -0.00332628
  0.05465187 -0.02051621 -0.21124354 -0.19232439  0.32974592  0.18971248
 -0.32003591  0.04928824 -0.07364664  0.0049582   0.13852385 -0.06644112
  0.21882973 -0.22224193]",1.0,5,0,0,0,17150,15,2
185,CMA-ME,"[-0.16976748  0.59486991  0.17664995 -0.42169909 -0.01545304 -0.91019768
 -0.37733806 -0.20257415  0.16384486  0.15100424 -0.02902577  0.56790697
 -0.14149259  0.04904629  0.07686237  0.3105635   0.20654227  0.14733145
 -0.49832446  0.14724831  0.09214628  0.18753961 -0.50171105 -0.04544907
  0.33439522  0.39599895 -0.73987576  0.24775063 -0.29223437  0.04385764
 -0.04810372 -0.10206032]",0.9956519603729248,6,0,0,0,16700,14,4
186,CMA-ME,"[-0.04899465 -0.16754386 -0.37793222  0.16976018 -0.08664539 -0.00333913
 -0.3945156  -0.14573832  0.28424155  0.17906553  0.44817785 -0.10556066
 -0.2903603  -0.41309456  0.36858228 -0.10944353 -0.11651885  0.00974213
  0.00965753  0.20369951  0.20113115  0.10198546 -0.1312851  -0.12229889
  0.04191838  0.0163369   0.19185365 -0.09740293 -0.03320451 -0.29084712
  0.06514165 -0.26916216]",1.0,7,0,0,0,16940,10,2
187,CMA-ME,"[ 0.26694575  0.2710872   0.25801777  0.09672407 -0.33376653  0.17210311
 -0.00633303 -0.02566441  0.01154381  0.12965119 -0.36557366  0.20381494
  0.15794658 -0.1466165   0.18216946  0.18971208  0.17689609  0.25546481
  0.01291166  0.05986474 -0.04852507  0.16394675  0.18728322 -0.13530186
  0.19526749 -0.49991073 -0.10527275 -0.26541208 -0.16031209  0.212562
 -0.04570762 -0.49450193]",1.0,5,0,0,0,16940,32,1
188,CMA-ME,"[-0.21985748  0.34677385 -0.18338713 -0.05200817  0.24724392 -0.1829319
 -0.10987985  0.03323163 -0.5757981  -0.46758352 -0.4182106   0.2061567
  0.19342324 -0.43498333 -0.27033427 -0.1139813   0.0110502   0.02733615
 -0.07188713  0.50398541  0.12146151 -0.24980566  0.41840242 -0.47302711
 -0.08388697 -0.49141338 -0.01217233  0.01103539  0.19285107 -0.44655754
 -0.46359989 -0.09927942]",0.7598801255226135,4,1,0,0,17660,16,8
189,CMA-ME,"[ 0.20407386 -0.10833063 -0.18011705 -0.20963547  0.14779761  0.12534829
 -0.15605202  0.03578959  0.35945289  0.11339662  0.03195426  0.07461111
 -0.20966287  0.0995243   0.37379383 -0.11414801  0.34191689  0.08145325
 -0.01742907 -0.0373605  -0.15743094 -0.22672993 -0.23737635 -0.29246337
 -0.11735919  0.21239935  0.04390446 -0.31475438 -0.11300963  0.28118319
 -0.15981146 -0.22531087]",1.0,6,1,0,0,16700,17,4
190,CMA-ME,"[-0.39160434  0.11543399 -0.06730682 -0.27360187  0.4560855  -0.80633961
  0.05071349 -0.09987765 -0.06918011  0.415794    0.41688487  0.28820908
  0.12319943  0.13288033 -0.04832679  0.51478175  0.29928202 -0.02284138
  0.06982101 -0.15856505  0.02621983  0.04125378 -0.26801151 -0.19820296
  0.42747853  0.08959475 -0.53723212  0.74435592 -0.65711919 -0.06375414
 -0.01626964 -0.30021647]",1.0,5,0,0,0,16940,16,3
191,CMA-ME,"[ 0.11832171 -0.21082452 -0.24672355 -0.21442234 -0.19948614  0.08005169
 -0.1551885   0.09345703 -0.27638273  0.10604645 -0.11114376 -0.07270388
 -0.02626765  0.04796282 -0.09412466 -0.01440799 -0.03909001  0.01414673
 -0.05579089  0.210359    0.01922041  0.02674831  0.42105155  0.04189461
  0.17699386  0.1561599   0.11197393 -0.05948354 -0.02220924  0.10304923
 -0.18610321 -0.05031613]",1.0,6,0,0,0,17300,18,7
192,CMA-ME,"[ 0.32564075  0.20052072  0.01029476  0.34488691 -0.14160742 -0.06168599
 -0.08093019 -0.06393603  0.2780957   0.33509544 -0.09437582  0.32751833
  0.23399555 -0.06157084 -0.05415167 -0.03163318  0.0890165   0.14105236
  0.44963937 -0.34563681  0.20475926  0.23801119 -0.26312365 -0.14374301
  0.33037636  0.12157675  0.05192596 -0.03468549 -0.18185988  0.30234585
 -0.0301817  -0.21089168]",1.0,5,1,0,0,17180,0,3
193,CMA-ME,"[ 0.02355676  0.61094248 -0.11545365 -0.20416605 -0.04924589 -0.03370877
  0.42618653 -0.02465686 -0.44753171 -0.41151963 -0.48154035 -0.11541833
 -0.12473426 -0.30440065 -0.48713813  0.20676152 -0.2557187   0.15924705
 -0.41917517  0.40819829  0.07642942  0.19281371  0.03794994 -0.3352459
  0.01351761 -0.47370417 -0.06811369  0.18447391  0.12432739  0.01939286
 -0.08886184  0.11398429]",1.0,4,7,0,0,16820,15,11
194,CMA-ME,"[-0.05089044 -0.05942404  0.09469661 -0.25871364  0.35853071 -0.12572899
  0.06832173  0.2622056  -0.24678442 -0.05568986 -0.029935   -0.00132803
  0.12394121  0.34880724 -0.00532065 -0.07236922  0.06575494  0.05989116
  0.29046884  0.3319035   0.09763422 -0.30185148 -0.07906087 -0.21237424
 -0.20653408 -0.18023411  0.20428551 -0.11695216 -0.36841685  0.01964644
  0.25157242 -0.1155333 ]",1.0,7,0,0,0,16940,20,6
195,CMA-ME,"[-0.11598415  0.26893417  0.08874032 -0.23689967  0.03432514 -0.37341626
 -0.01597752 -0.04231921  0.26803159  0.49507384  0.63947084  0.51314417
 -0.0742607  -0.12452746 -0.20779692  0.24207331  0.12074983 -0.01091468
 -0.30962442  0.45686052 -0.53334674 -0.08731548 -0.60756337  0.14739682
  0.56688962  0.21329206 -0.67623769  0.03149748 -0.32071964  0.24199154
  0.15937594 -0.44999768]",1.0,6,0,0,0,17090,14,4
196,CMA-ME,"[-0.04430588 -0.32363352 -0.03840567 -0.41603837 -0.24025634  0.13908365
 -0.37389867 -0.25030698 -0.11518833 -0.00802927  0.12614123 -0.14776381
  0.140678   -0.42106561 -0.1268608  -0.40184948 -0.02963637  0.07674793
  0.24070185 -0.04108391 -0.15883096  0.0348568  -0.04672797  0.28183225
 -0.03113755 -0.09843617 -0.2298214   0.2197429   0.09392383  0.09509826
 -0.39706714 -0.0391015 ]",0.8156512975692749,2,1,0,0,17600,31,1
197,CMA-ME,"[-1.62208250e-01  1.84679500e-04 -2.22131935e-01  4.12011917e-01
  1.36399750e-01 -1.51598163e-01 -2.38615189e-01 -1.97996731e-01
 -1.15677841e-01  1.58557255e-01 -3.35787443e-01 -7.21472618e-02
 -5.73385488e-02  5.28587780e-01 -2.61289166e-01  5.54678186e-02
  1.52860643e-01  1.03954462e-01  5.13899743e-03 -1.17067290e-01
 -6.38941265e-02 -1.65551982e-01 -2.10046234e-01  4.06585049e-01
  2.70573341e-01  1.54933396e-01  1.40490841e-01  1.92888288e-02
 -2.65094965e-01  3.76607189e-01 -2.93053708e-02 -2.65546293e-02]",1.0,4,0,0,0,16880,3,2
198,CMA-ME,"[-0.06899892  0.50140263  0.10686809  0.10673587  0.09095951  0.02300688
 -0.20840004  0.15162737 -0.31612171 -0.29145855 -0.25395062 -0.05757565
  0.12853527 -0.51430969 -0.39264712  0.2357969  -0.11777574  0.38077002
  0.11646181  0.4740432   0.53150562 -0.32002924  0.5120542  -0.42170359
 -0.33221577 -0.3016652   0.13688064 -0.04516258  0.19576363  0.14151083
 -0.27855301  0.25663562]",0.8000783920288086,3,2,0,0,17750,49,9
199,CMA-ME,"[ 2.59068162e-02  2.56218191e-01 -1.68300332e-01  1.27283070e-01
 -2.95613887e-01 -5.96351604e-01  1.16869991e-01 -1.10306423e-01
 -1.68146567e-02  1.61516537e-01  9.91566027e-02 -3.47305185e-01
  4.11190855e-02  2.11344849e-04 -2.95289610e-01 -1.38896163e-01
  2.27263693e-02 -1.63146785e-01 -2.20191762e-01  2.20218209e-01
 -1.53168618e-01  3.11722080e-01 -7.10237776e-02  1.80809112e-02
 -3.40585695e-01 -5.46847516e-02 -6.23433134e-02  2.22281025e-01
  1.99428291e-01 -4.00087472e-03 -8.25501259e-02  2.66250786e-01]",0.8263235688209534,3,0,0,0,17600,51,6
